source,company,title,location,remote,food_keywords_matched,keyword_count,perk_excerpt,date_posted,url
Greenhouse,Taboola,Business Applications Specialist (Salesforce & GenAI),"New York City (NYC), New York, United States",Hybrid,"fully stocked kitchen, stocked kitchen",2,"...ental, vision, 401k matching), pre-tax commuter benefits, a fully stocked kitchen, and various gym partnerships.</li> <li><strong>Flexibility...",2026-04-14,https://www.taboola.com/careers/job/7742890?gh_jid=7742890
Greenhouse,Mongodb,"2026 - Program Management & Strategic Initiatives Intern, NYC",New York City,Hybrid,free lunch,1,"...cess to mental and physical health benefits, paid time off, free lunch, and more!</li> <li>Impactful Projects: Contribute to proje...",2026-04-14,https://www.mongodb.com/careers/job/?gh_jid=7335926
Greenhouse,Taboola,Programmatic Account Manager,"New York City (NYC), New York, United States",Hybrid,"fully stocked kitchen, stocked kitchen",2,"...ental, vision, 401k matching), pre-tax commuter benefits, a fully stocked kitchen, parking and various gym partnerships.</span></li> <li styl...",2026-04-13,https://www.taboola.com/careers/job/7538612?gh_jid=7538612
Greenhouse,Taboola,"Advertising Account Manager, Growth","New York City (NYC), New York, United States",Hybrid,"fully stocked kitchen, stocked kitchen",2,"...trong> Enjoy comprehensive benefits (health, 401k, etc.), a fully stocked kitchen, and location-specific perks (gym partnerships, parking).</...",2026-04-13,https://www.taboola.com/careers/job/7678634?gh_jid=7678634
Greenhouse,Taboola,"Associate Publisher Account Manager, SMB","New York City (NYC), New York, United States",Hybrid,"fully stocked kitchen, stocked kitchen",2,"...trong> Enjoy comprehensive benefits (health, 401k, etc.), a fully stocked kitchen, and location-specific perks (gym partnerships, parking).</...",2026-04-13,https://www.taboola.com/careers/job/7650616?gh_jid=7650616
Greenhouse,Taboola,Human Resources Business Partner,"New York City (NYC), New York, United States",Hybrid,"fully stocked kitchen, stocked kitchen",2,"...l, vision, 401k matching), pre-tax commuter benefits, and a fully stocked kitchen.</li> <li><strong>Flexibility: </strong>We offer a hybrid w...",2026-04-13,https://www.taboola.com/careers/job/7720784?gh_jid=7720784
Greenhouse,Taboola,"Publisher Account Manager, SMB","New York City (NYC), New York, United States",Hybrid,"fully stocked kitchen, stocked kitchen",2,"...trong> Enjoy comprehensive benefits (health, 401k, etc.), a fully stocked kitchen, and location-specific perks (gym partnerships, parking).</...",2026-04-13,https://www.taboola.com/careers/job/7219709?gh_jid=7219709
Greenhouse,Taboola,Account Executive,"New York City (NYC), New York, United States",Hybrid,"fully stocked kitchen, stocked kitchen",2,"...trong> Enjoy comprehensive benefits (health, 401k, etc.), a fully stocked kitchen, and location-specific perks (gym partnerships, parking).</...",2026-04-13,https://www.taboola.com/careers/job/7572047?gh_jid=7572047
Greenhouse,Klaviyo,"Senior Software Engineer, Internationalisation Platform","London, UK",On-site,free lunch,1,...y from customers and suggesting cool new approaches.</p> <p>Free lunch at our Aldgate office three times a week<br>Highly competit...,2026-03-31,https://www.klaviyo.com/careers/jobs?gh_jid=7568452003
Greenhouse,Braze,"Account Executive, Japan",Tokyo,Hybrid,office lunch,1,...y</li> <li>Braze 内で支援コミュニティを構築する従業員リソースグループ</li> <li>毎週水曜日の Office Lunch Offering</li> <li>他部署とのランチ会</li> <li>Referral Program</li>...,2026-03-06,https://boards.greenhouse.io/braze/jobs/7516233?gh_jid=7516233
Greenhouse,Taboola,"Publisher Sales Manager, SMB","New York City (NYC), New York, United States",Hybrid,"fully stocked kitchen, stocked kitchen",2,"...trong> Enjoy comprehensive benefits (health, 401k, etc.), a fully stocked kitchen, and location-specific perks (gym partnerships, parking).</...",2026-04-13,https://www.taboola.com/careers/job/7457440?gh_jid=7457440
Greenhouse,Taboola,Supply Programmatic Account Manager,"New York City (NYC), New York, United States",Hybrid,"fully stocked kitchen, stocked kitchen",2,"...ental, vision, 401k matching), pre-tax commuter benefits, a fully stocked kitchen, parking and various gym partnerships.</span></li> <li styl...",2026-04-13,https://www.taboola.com/careers/job/7718046?gh_jid=7718046
Greenhouse,Taboola,Solution Engineer,"New York City (NYC), New York, United States",Hybrid,"fully stocked kitchen, stocked kitchen",2,"...ental, vision, 401k matching), pre-tax commuter benefits, a fully stocked kitchen, and various gym partnerships.</li> <li style=""font-family:...",2026-04-13,https://www.taboola.com/careers/job/7553005?gh_jid=7553005
Greenhouse,Taboola,Salesforce & GenAI Tech Specialist,"New York City (NYC), New York, United States",Hybrid,"fully stocked kitchen, stocked kitchen",2,"...ental, vision, 401k matching), pre-tax commuter benefits, a fully stocked kitchen, and various gym partnerships.</li> <li><strong>Flexibility...",2026-04-14,https://www.taboola.com/careers/job/7742865?gh_jid=7742865
Greenhouse,Taboola,Senior HRBP,"New York City (NYC), New York, United States",Hybrid,"fully stocked kitchen, stocked kitchen",2,"...l, vision, 401k matching), pre-tax commuter benefits, and a fully stocked kitchen.</li> <li><strong>Flexibility: </strong>We offer a hybrid w...",2026-04-13,https://www.taboola.com/careers/job/7745870?gh_jid=7745870
Greenhouse,Robinhood,Android Engineer,"Menlo Park, CA",On-site,catered meals,1,"...eave, and more!</li> <li>Exceptional office experience with catered meals, events, and comfortable workspaces.</li> </ul><div class=""...",2026-03-10,https://boards.greenhouse.io/robinhood/jobs/7350823?t=gh_src=&gh_jid=7350823
Greenhouse,Robinhood,Android Engineer,"Menlo Park, CA",On-site,catered meals,1,"...t=""2455"" data-end=""3175"">Exceptional office experience with catered meals, events, and comfortable workspaces.</li> </ul><div class=""...",2026-04-06,https://boards.greenhouse.io/robinhood/jobs/7776330?t=gh_src=&gh_jid=7776330
Greenhouse,Taboola,"Senior Advertising Sales Manager, Enterprise","New York City (NYC), New York, United States",Hybrid,"fully stocked kitchen, stocked kitchen",2,"...trong> Enjoy comprehensive benefits (health, 401k, etc.), a fully stocked kitchen, and location-specific perks (gym partnerships, parking).</...",2026-04-13,https://www.taboola.com/careers/job/7646053?gh_jid=7646053
Greenhouse,Robinhood,Android Engineer,"Bellevue, WA",On-site,catered meals,1,"...eave, and more!</li> <li>Exceptional office experience with catered meals, events, and comfortable workspaces.</li> </ul><div class=""...",2026-03-10,https://boards.greenhouse.io/robinhood/jobs/7600764?t=gh_src=&gh_jid=7600764
Greenhouse,Robinhood,Communications Compliance Senior Specialist,"Menlo Park, CA; New York, NY; Washington, DC",On-site,catered meals,1,"...eave, and more!</li> <li>Exceptional office experience with catered meals, events, and comfortable workspaces.</li> </ul><div class=""...",2026-03-24,https://boards.greenhouse.io/robinhood/jobs/7612146?t=gh_src=&gh_jid=7612146
Greenhouse,Robinhood,"Android Full Stack Engineer, Credit Cards & Banking","Bellevue, WA; Menlo Park, CA; New York, NY",On-site,catered meals,1,"...eave, and more!</li> <li>Exceptional office experience with catered meals, events, and comfortable workspaces.</li> </ul> <p>&nbsp;</...",2026-04-14,https://boards.greenhouse.io/robinhood/jobs/7490049?t=gh_src=&gh_jid=7490049
Greenhouse,Robinhood,"Credit Business Analyst, Banking Fraud","Menlo Park, CA; New York, NY; Washington, DC",On-site,catered meals,1,"...eave, and more!</li> <li>Exceptional office experience with catered meals, events, and comfortable workspaces.</li> </ul><div class=""...",2026-04-03,https://boards.greenhouse.io/robinhood/jobs/7513613?t=gh_src=&gh_jid=7513613
Greenhouse,Robinhood,Content Writer,"Chicago, IL; Denver, CO; Westlake, TX",On-site,catered meals,1,"...eave, and more!</li> <li>Exceptional office experience with catered meals, events, and comfortable workspaces.</li> </ul><div class=""...",2026-04-07,https://boards.greenhouse.io/robinhood/jobs/7732495?t=gh_src=&gh_jid=7732495
Greenhouse,Robinhood,Contingent Workforce Planning Partner,"Chicago, IL; Menlo Park, CA; New York, NY",On-site,catered meals,1,"...eave, and more!</li> <li>Exceptional office experience with catered meals, events, and comfortable workspaces.</li> </ul> <p><br><br>...",2026-03-24,https://boards.greenhouse.io/robinhood/jobs/7697781?t=gh_src=&gh_jid=7697781
Greenhouse,Robinhood,Crypto AML Investigator,"Denver, CO; New York, NY; Westlake, TX",On-site,catered meals,1,"...eave, and more!</li> <li>Exceptional office experience with catered meals, events, and comfortable workspaces.</li> </ul><div class=""...",2026-03-27,https://boards.greenhouse.io/robinhood/jobs/7652487?t=gh_src=&gh_jid=7652487
Greenhouse,Robinhood,Customer Experience Associate ,"Denver, CO; Westlake, TX",Hybrid,catered meals,1,"...eave, and more!</li> <li>Exceptional office experience with catered meals, events, and comfortable workspaces.&nbsp;</li> </ul><div c...",2026-04-13,https://boards.greenhouse.io/robinhood/jobs/7811696?t=gh_src=&gh_jid=7811696
Greenhouse,Robinhood,"Customer Experience Associate, Pathway","Westlake, TX",On-site,catered meals,1,"...eave, and more!</li> <li>Exceptional office experience with catered meals, events, and comfortable workspaces.</li> </ul><div class=""...",2026-04-07,https://boards.greenhouse.io/robinhood/jobs/7577409?t=gh_src=&gh_jid=7577409
Greenhouse,Robinhood,"Customer Experience Representative, Advanced Services","Chicago, IL; Denver, CO; Westlake, TX",On-site,catered meals,1,"...eave, and more!</li> <li>Exceptional office experience with catered meals, events, and comfortable workspaces.</li> </ul><div class=""...",2026-03-19,https://boards.greenhouse.io/robinhood/jobs/7659806?t=gh_src=&gh_jid=7659806
Greenhouse,Robinhood,Customer Experience Associate (Unlicensed),"Denver, CO; Westlake, TX",Hybrid,catered meals,1,"...eave, and more!</li> <li>Exceptional office experience with catered meals, events, and comfortable workspaces.&nbsp;</li> </ul><div c...",2026-04-13,https://boards.greenhouse.io/robinhood/jobs/7811695?t=gh_src=&gh_jid=7811695
Greenhouse,Robinhood,Android Engineer,"New York, NY",On-site,catered meals,1,"...t=""2485"" data-end=""3205"">Exceptional office experience with catered meals, events, and comfortable workspaces.</li> </ul><div class=""...",2026-04-07,https://boards.greenhouse.io/robinhood/jobs/7747572?t=gh_src=&gh_jid=7747572
Greenhouse,Robinhood,Customer Experience Escalations Specialist - Social,"Denver, CO; Westlake, TX",On-site,catered meals,1,"...eave, and more!</li> <li>Exceptional office experience with catered meals, events, and comfortable workspaces.</li> </ul><div class=""...",2026-04-01,https://boards.greenhouse.io/robinhood/jobs/7689814?t=gh_src=&gh_jid=7689814
Greenhouse,Robinhood,"Customer Experience Representative, Core Services","Chicago, IL; Denver, CO; Westlake, TX",On-site,catered meals,1,"...eave, and more!</li> <li>Exceptional office experience with catered meals, events, and comfortable workspaces.</li> </ul><div class=""...",2026-04-14,https://boards.greenhouse.io/robinhood/jobs/7700505?t=gh_src=&gh_jid=7700505
Greenhouse,Robinhood,Customer Experience Team Lead,"Denver, CO; Westlake, TX",On-site,catered meals,1,"...eave, and more!</li> <li>Exceptional office experience with catered meals, events, and comfortable workspaces.</li> </ul><div class=""...",2026-04-13,https://boards.greenhouse.io/robinhood/jobs/7587327?t=gh_src=&gh_jid=7587327
Greenhouse,Robinhood,"Customer Experience Representative, Derivatives ","Chicago, IL; Denver, CO; Westlake, TX",On-site,"catered meals, fully stocked kitchen, stocked kitchen",3,"...al leave, and more!</li> <li>Lively office environment with catered meals, fully stocked kitchens, and geo-specific commuter benefits...",2026-03-19,https://boards.greenhouse.io/robinhood/jobs/7707756?t=gh_src=&gh_jid=7707756
Greenhouse,Robinhood,"Data Scientist, Product","New York, NY",On-site,catered meals,1,"...eave, and more!</li> <li>Exceptional office experience with catered meals, events, and comfortable workspaces.</li> </ul> <p>&nbsp;</...",2026-03-18,https://boards.greenhouse.io/robinhood/jobs/7324983?t=gh_src=&gh_jid=7324983
Greenhouse,Robinhood,"Engineering Manager, Agent Experience","Menlo Park, CA",On-site,catered meals,1,"...eave, and more!</li> <li>Exceptional office experience with catered meals, events, and comfortable workspaces.</li> </ul><div class=""...",2026-04-14,https://boards.greenhouse.io/robinhood/jobs/7542965?t=gh_src=&gh_jid=7542965
Greenhouse,Robinhood,"Deal Lead, Robinhood Ventures","Menlo Park, CA",On-site,catered meals,1,"...eave, and more!</li> <li>Exceptional office experience with catered meals, events, and comfortable workspaces.</li> </ul><div class=""...",2026-04-02,https://boards.greenhouse.io/robinhood/jobs/7685092?t=gh_src=&gh_jid=7685092
Greenhouse,Robinhood,"Engineering Manager, International","Menlo Park, CA; New York, NY",On-site,catered meals,1,"...ve, and more!<br>&nbsp;● Exceptional office experience with catered meals, events, and comfortable workspaces.</div><div class=""conte...",2026-04-10,https://boards.greenhouse.io/robinhood/jobs/7539771?t=gh_src=&gh_jid=7539771
Greenhouse,Robinhood,"Engineering Manager, Capacity and Efficiency","Bellevue, WA",On-site,catered meals,1,"...eave, and more!</li> <li>Exceptional office experience with catered meals, events, and comfortable workspaces.</li> </ul><div class=""...",2026-04-13,https://boards.greenhouse.io/robinhood/jobs/7603848?t=gh_src=&gh_jid=7603848
Greenhouse,Robinhood,"Engineering Manager, Legend","Menlo Park, CA",On-site,catered meals,1,"...eave, and more!</li> <li>Exceptional office experience with catered meals, events, and comfortable workspaces</li> </ul><div class=""c...",2026-04-12,https://boards.greenhouse.io/robinhood/jobs/7489328?t=gh_src=&gh_jid=7489328
Greenhouse,Robinhood,Finance & Strategy Senior Analyst,"Chicago, IL; Menlo Park, CA; New York, NY",On-site,catered meals,1,"...eave, and more!</li> <li>Exceptional office experience with catered meals, events, and comfortable workspaces.</li> </ul><div class=""...",2026-04-02,https://boards.greenhouse.io/robinhood/jobs/7759805?t=gh_src=&gh_jid=7759805
Greenhouse,Robinhood,"Finance & Strategy Manager, Prediction Markets","Chicago, IL; Menlo Park, CA; New York, NY",On-site,catered meals,1,"...t=""4597"" data-end=""5297"">Exceptional office experience with catered meals, events, and comfortable workspaces.</li> </ul><div class=""...",2026-04-01,https://boards.greenhouse.io/robinhood/jobs/7604327?t=gh_src=&gh_jid=7604327
Greenhouse,Robinhood,Financial Reporting Manager,"Menlo Park, CA; New York, NY",On-site,catered meals,1,"...eave, and more!</li> <li>Exceptional office experience with catered meals, events, and comfortable workspaces.</li> </ul><div class=""...",2026-03-27,https://boards.greenhouse.io/robinhood/jobs/7723227?t=gh_src=&gh_jid=7723227
Greenhouse,Robinhood,Insider Threat Investigator,"Menlo Park, CA",On-site,catered meals,1,"...eave, and more!</li> <li>Exceptional office experience with catered meals, events, and comfortable workspaces.</li> </ul><div class=""...",2026-04-13,https://boards.greenhouse.io/robinhood/jobs/7697791?t=gh_src=&gh_jid=7697791
Greenhouse,Robinhood,"Manager, M&A Integration","Menlo Park, CA",On-site,catered meals,1,"...eave, and more!</li> <li>Exceptional office experience with catered meals, events, and comfortable workspaces.</li> </ul><div class=""...",2026-03-26,https://boards.greenhouse.io/robinhood/jobs/7740317?t=gh_src=&gh_jid=7740317
Greenhouse,Robinhood,iOS Engineer,"Menlo Park, CA",On-site,catered meals,1,"...t=""2756"" data-end=""3476"">Exceptional office experience with catered meals, events, and comfortable workspaces.</li> </ul> <h2><strong...",2026-04-08,https://boards.greenhouse.io/robinhood/jobs/7794027?t=gh_src=&gh_jid=7794027
Greenhouse,Robinhood,Manager of Corporate Accounting,"Chicago, IL; Menlo Park, CA; New York, NY",On-site,catered meals,1,"...eave, and more!</li> <li>Exceptional office experience with catered meals, events, and comfortable workspaces.</li> </ul><div class=""...",2026-04-10,https://boards.greenhouse.io/robinhood/jobs/7723234?t=gh_src=&gh_jid=7723234
Greenhouse,Robinhood,Manager of Global Mobility & Immigration,"Chicago, IL; Menlo Park, CA; New York, NY",On-site,catered meals,1,"...eave, and more!</li> <li>Exceptional office experience with catered meals, events, and comfortable workspaces.</li> </ul> <p><br><br>...",2026-04-10,https://boards.greenhouse.io/robinhood/jobs/7783116?t=gh_src=&gh_jid=7783116
Greenhouse,Robinhood,Manager of Learning & Development,"Chicago, IL; Menlo Park, CA; New York, NY",On-site,catered meals,1,"...eave, and more!</li> <li>Exceptional office experience with catered meals, events, and comfortable workspaces.</li> </ul><div class=""...",2026-04-02,https://boards.greenhouse.io/robinhood/jobs/7736809?t=gh_src=&gh_jid=7736809
Greenhouse,Robinhood,Market Risk Senior Analyst,"Chicago, IL; Denver, CO; Lake Mary, FL; New York, NY",On-site,catered meals,1,"...eave, and more!</li> <li>Exceptional office experience with catered meals, events, and comfortable workspaces.</li> </ul><div class=""...",2026-04-03,https://boards.greenhouse.io/robinhood/jobs/7706906?t=gh_src=&gh_jid=7706906
Greenhouse,Robinhood,Margin Specialist,"Chicago, IL; Denver, CO; Lake Mary, FL; New York, NY",On-site,catered meals,1,"...eave, and more!</li> <li>Exceptional office experience with catered meals, events, and comfortable workspaces.</li> </ul><div class=""...",2026-04-08,https://boards.greenhouse.io/robinhood/jobs/7782224?t=gh_src=&gh_jid=7782224
Greenhouse,Robinhood,PeopleX Partner Intern,"Menlo Park, CA; New York, NY",On-site,"catered meals, fully stocked kitchen, stocked kitchen",3,"...start=""1390"" data-end=""1496"">Lively office environment with catered meals, fully stocked kitchens, and geo-specific commuter benefits...",2026-03-31,https://boards.greenhouse.io/robinhood/jobs/7155924?t=gh_src=&gh_jid=7155924
Greenhouse,Robinhood,"Product Manager, Crypto Trading","Menlo Park, CA; New York, NY",On-site,"catered meals, fully stocked kitchen, stocked kitchen",3,"...al leave, and more!</li> <li>Lively office environment with catered meals, fully stocked kitchens, and geo-specific commuter benefits...",2026-04-03,https://boards.greenhouse.io/robinhood/jobs/7536920?t=gh_src=&gh_jid=7536920
Greenhouse,Robinhood,"Product Manager, Money Movement","Menlo Park, CA",On-site,catered meals,1,"...eave, and more!</li> <li>Exceptional office experience with catered meals, events, and comfortable workspaces.</li> </ul><div class=""...",2026-04-07,https://boards.greenhouse.io/robinhood/jobs/7747728?t=gh_src=&gh_jid=7747728
Greenhouse,Robinhood,"Product Designer, Growth","Bellevue, WA; Menlo Park, CA; New York, NY",On-site,catered meals,1,"...eave, and more!</li> <li>Exceptional office experience with catered meals, events, and comfortable workspaces.</li> </ul><div class=""...",2026-04-08,https://boards.greenhouse.io/robinhood/jobs/6494244?t=gh_src=&gh_jid=6494244
Greenhouse,Robinhood,Securities Management Operations Senior Specialist,"Chicago, IL; Denver, CO; Lake Mary, FL; New York, NY",On-site,catered meals,1,"...eave, and more!</li> <li>Exceptional office experience with catered meals, events, and comfortable workspaces.</li> </ul><div class=""...",2026-04-14,https://boards.greenhouse.io/robinhood/jobs/7746676?t=gh_src=&gh_jid=7746676
Greenhouse,Robinhood,"Security Engineer, Detection & Response","Menlo Park, CA",On-site,catered meals,1,"...eave, and more!</li> <li>Exceptional office experience with catered meals, events, and comfortable workspaces.</li> </ul><div class=""...",2026-04-13,https://boards.greenhouse.io/robinhood/jobs/7697725?t=gh_src=&gh_jid=7697725
Greenhouse,Robinhood,Senior Android Engineer,"Menlo Park, CA",On-site,"catered meals, stocked kitchen",2,"...t=""3557"" data-end=""3648"">Exceptional office experience with catered meals, stocked kitchens, and commuter benefits</p> </li> </ul><di...",2026-04-07,https://boards.greenhouse.io/robinhood/jobs/7412393?t=gh_src=&gh_jid=7412393
Greenhouse,Robinhood,Senior Cloud Security Engineer,"Bellevue, WA",On-site,catered meals,1,"...eave, and more!</li> <li>Exceptional office experience with catered meals, events, and comfortable workspaces.</li> </ul><div class=""...",2026-04-13,https://boards.greenhouse.io/robinhood/jobs/7178427?t=gh_src=&gh_jid=7178427
Greenhouse,Robinhood,"Senior Data Scientist, Fraud ","Menlo Park, CA",On-site,catered meals,1,"...eave, and more!</li> <li>Exceptional office experience with catered meals, events, and comfortable workspaces.<br><br></li> </ul> <p>...",2026-04-13,https://boards.greenhouse.io/robinhood/jobs/7412037?t=gh_src=&gh_jid=7412037
Greenhouse,Robinhood,"Senior Analytics Engineer, Corporate Strategy","Menlo Park, CA",On-site,catered meals,1,"...eave, and more!</li> <li>Exceptional office experience with catered meals, events, and comfortable workspaces.</li> </ul><div class=""...",2026-03-18,https://boards.greenhouse.io/robinhood/jobs/7346630?t=gh_src=&gh_jid=7346630
Greenhouse,Robinhood,"Senior Data Scientist, ML (Brokerage)","Menlo Park, CA; New York, NY",On-site,catered meals,1,"...eave, and more!</li> <li>Exceptional office experience with catered meals, events, and comfortable workspaces.</li> </ul> <p>&nbsp;</...",2026-04-14,https://boards.greenhouse.io/robinhood/jobs/7482186?t=gh_src=&gh_jid=7482186
Greenhouse,Robinhood,"Senior Data Scientist, ML (Incentives)","Menlo Park, CA",On-site,catered meals,1,"...eave, and more!</li> <li>Exceptional office experience with catered meals, events, and comfortable workspaces</li> </ul> <p>&nbsp;</p...",2026-04-13,https://boards.greenhouse.io/robinhood/jobs/7596426?t=gh_src=&gh_jid=7596426
Greenhouse,Robinhood,"Senior Data Scientist, Product","Menlo Park, CA",On-site,catered meals,1,"...eave, and more!</li> <li>Exceptional office experience with catered meals, events, and comfortable workspaces.</li> </ul><div class=""...",2026-03-18,https://boards.greenhouse.io/robinhood/jobs/7324981?t=gh_src=&gh_jid=7324981
Greenhouse,Robinhood,Senior Director of Creative,"Menlo Park, CA; New York, NY",On-site,catered meals,1,"...eave, and more!</li> <li>Exceptional office experience with catered meals, events, and comfortable workspaces.</li> </ul> <p><br><br>...",2026-04-03,https://boards.greenhouse.io/robinhood/jobs/7599307?t=gh_src=&gh_jid=7599307
Greenhouse,Robinhood,"Senior Engineering Manager, Application and Product Security","Bellevue, WA; Menlo Park, CA",On-site,catered meals,1,"...eave, and more!</li> <li>Exceptional office experience with catered meals, events, and comfortable workspaces.</li> </ul><div class=""...",2026-04-13,https://boards.greenhouse.io/robinhood/jobs/7473367?t=gh_src=&gh_jid=7473367
Greenhouse,Robinhood,"Customer Experience Associate, Money","Denver, CO; Westlake, TX",On-site,"catered meals, fully stocked kitchen, stocked kitchen",3,"...al leave, and more!</li> <li>Lively office environment with catered meals, fully stocked kitchens, and geo-specific commuter benefits...",2026-04-13,https://boards.greenhouse.io/robinhood/jobs/7811698?t=gh_src=&gh_jid=7811698
Greenhouse,Robinhood,Senior iOS Engineer,"Menlo Park, CA; New York, NY",On-site,catered meals,1,"...eave, and more!</li> <li>Exceptional office experience with catered meals, events, and comfortable workspaces.</li> </ul><div class=""...",2026-04-01,https://boards.greenhouse.io/robinhood/jobs/6675127?t=gh_src=&gh_jid=6675127
Greenhouse,Robinhood,Senior Fraud Operations Specialist,"Denver, CO",On-site,catered meals,1,"...eave, and more!</li> <li>Exceptional office experience with catered meals, events, and comfortable workspaces.</li> </ul> <p>&nbsp;</...",2026-04-13,https://boards.greenhouse.io/robinhood/jobs/7804749?t=gh_src=&gh_jid=7804749
Greenhouse,Robinhood,Senior Growth Marketing Manager,"Menlo Park, CA; New York, NY",On-site,catered meals,1,"...eave, and more!</li> <li>Exceptional office experience with catered meals, events, and comfortable workspaces.</li> </ul><div class=""...",2026-04-03,https://boards.greenhouse.io/robinhood/jobs/7593325?t=gh_src=&gh_jid=7593325
Greenhouse,Robinhood,"Senior Machine Learning Engineer, Agentic","Bellevue, WA; Menlo Park, CA",On-site,catered meals,1,"...eave, and more!</li> <li>Exceptional office experience with catered meals, events, and comfortable workspaces</li> </ul> </div> </div...",2026-04-13,https://boards.greenhouse.io/robinhood/jobs/7121213?t=gh_src=&gh_jid=7121213
Greenhouse,Robinhood,"Senior Manager, Crypto Compliance (BVI)","Menlo Park, CA; New York, NY",On-site,catered meals,1,"...eave, and more!</li> <li>Exceptional office experience with catered meals, events, and comfortable workspaces.</li> </ul> <p><br><br>...",2026-04-14,https://boards.greenhouse.io/robinhood/jobs/7815430?t=gh_src=&gh_jid=7815430
Greenhouse,Robinhood,Senior Partnerships Manager,"Menlo Park, CA; New York, NY; Washington, DC",On-site,catered meals,1,"...eave, and more!</li> <li>Exceptional office experience with catered meals, events, and comfortable workspaces.</li> </ul><div class=""...",2026-04-08,https://boards.greenhouse.io/robinhood/jobs/7782425?t=gh_src=&gh_jid=7782425
Greenhouse,Robinhood,"Senior Manager Tax, Product and M&A","Menlo Park, CA",On-site,catered meals,1,"...eave, and more!</li> <li>Exceptional office experience with catered meals, events, and comfortable workspaces.</li> </ul> <p>&nbsp;</...",2026-03-24,https://boards.greenhouse.io/robinhood/jobs/7489988?t=gh_src=&gh_jid=7489988
Greenhouse,Robinhood,"Senior Performance Marketing Manager, International","Menlo Park, CA; New York, NY",On-site,catered meals,1,"...eave, and more!</li> <li>Exceptional office experience with catered meals, events, and comfortable workspaces.</li> </ul><div class=""...",2026-04-03,https://boards.greenhouse.io/robinhood/jobs/7615864?t=gh_src=&gh_jid=7615864
Greenhouse,Robinhood,"Senior Product Designer, Money Movement","Bellevue, WA; Menlo Park, CA; New York, NY",On-site,catered meals,1,"...eave, and more!</li> <li>Exceptional office experience with catered meals, events, and comfortable workspaces.</li> </ul><div class=""...",2026-03-18,https://boards.greenhouse.io/robinhood/jobs/7202302?t=gh_src=&gh_jid=7202302
Greenhouse,Robinhood,"Senior Product Designer, Banking","Menlo Park, CA; New York, NY",On-site,catered meals,1,"...eave, and more!</li> <li>Exceptional office experience with catered meals, events, and comfortable workspaces.</li> </ul><div class=""...",2026-03-29,https://boards.greenhouse.io/robinhood/jobs/7511787?t=gh_src=&gh_jid=7511787
Greenhouse,Robinhood,"Senior Product Designer, Prediction Markets","Menlo Park, CA; New York, NY",On-site,catered meals,1,"...eave, and more!</li> <li>Exceptional office experience with catered meals, events, and comfortable workspaces.</li> </ul><div class=""...",2026-04-08,https://boards.greenhouse.io/robinhood/jobs/7490012?t=gh_src=&gh_jid=7490012
Greenhouse,Robinhood,"Senior Product Designer, Trading AI","Bellevue, WA; Menlo Park, CA; New York, NY",On-site,catered meals,1,"...eave, and more!</li> <li>Exceptional office experience with catered meals, events, and comfortable workspaces.</li> </ul><div class=""...",2026-04-14,https://boards.greenhouse.io/robinhood/jobs/7812048?t=gh_src=&gh_jid=7812048
Greenhouse,Robinhood,Senior Product Marketing Manager,"Menlo Park, CA; New York, NY",On-site,catered meals,1,"...eave, and more!</li> <li>Exceptional office experience with catered meals, events, and comfortable workspaces.</li> </ul><div class=""...",2026-04-03,https://boards.greenhouse.io/robinhood/jobs/7736547?t=gh_src=&gh_jid=7736547
Greenhouse,Robinhood,"Senior Recruiter, General Engineering","Chicago, IL; Menlo Park, CA; New York, NY",On-site,catered meals,1,"...eave, and more!</li> <li>Exceptional office experience with catered meals, events, and comfortable workspaces.</li> </ul> <p><br><br>...",2026-04-14,https://boards.greenhouse.io/robinhood/jobs/7811977?t=gh_src=&gh_jid=7811977
Greenhouse,Robinhood,Senior Product Sourcer,"Chicago, IL; Menlo Park, CA; New York, NY",On-site,catered meals,1,"...eave, and more!</li> <li>Exceptional office experience with catered meals, events, and comfortable workspaces.</li> </ul> <p>&nbsp;</...",2026-04-03,https://boards.greenhouse.io/robinhood/jobs/7685059?t=gh_src=&gh_jid=7685059
Greenhouse,Robinhood,Senior Security GRC Analyst,"Menlo Park, CA",On-site,catered meals,1,"...eave, and more!</li> <li>Exceptional office experience with catered meals, events, and comfortable workspaces.</li> </ul><div class=""...",2026-04-13,https://boards.greenhouse.io/robinhood/jobs/7676724?t=gh_src=&gh_jid=7676724
Greenhouse,Robinhood,"Senior Security Engineer, AI Vulnerability Management","Menlo Park, CA",On-site,catered meals,1,"...eave, and more!</li> <li>Exceptional office experience with catered meals, events, and comfortable workspaces.</li> </ul><div class=""...",2026-04-13,https://boards.greenhouse.io/robinhood/jobs/7728174?t=gh_src=&gh_jid=7728174
Greenhouse,Robinhood,"Senior Software Engineer, AI Infrastructure","Menlo Park, CA",On-site,catered meals,1,"...eave, and more!</li> <li>Exceptional office experience with catered meals, events, and comfortable workspaces.</li> </ul><div class=""...",2026-04-13,https://boards.greenhouse.io/robinhood/jobs/7782697?t=gh_src=&gh_jid=7782697
Greenhouse,Robinhood,"Senior Software Engineer, Agentic","Bellevue, WA; Menlo Park, CA",On-site,catered meals,1,"...eave, and more!</li> <li>Exceptional office experience with catered meals, events, and comfortable workspaces.</li> </ul><div class=""...",2026-04-13,https://boards.greenhouse.io/robinhood/jobs/7489731?t=gh_src=&gh_jid=7489731
Greenhouse,Robinhood,"Senior Software Engineer, Capacity & Efficiency ","Bellevue, WA",On-site,catered meals,1,"...eave, and more!</li> <li>Exceptional office experience with catered meals, events, and comfortable workspaces.</li> </ul><div class=""...",2026-04-13,https://boards.greenhouse.io/robinhood/jobs/7489675?t=gh_src=&gh_jid=7489675
Greenhouse,Robinhood,"Senior Software Engineer, Data Engineering","Menlo Park, CA",On-site,catered meals,1,"...eave, and more!</li> <li>Exceptional office experience with catered meals, events, and comfortable workspaces.</li> </ul><div class=""...",2026-03-18,https://boards.greenhouse.io/robinhood/jobs/4738660?t=gh_src=&gh_jid=4738660
Greenhouse,Robinhood,"Senior Software Engineer, Streaming Platform","Bellevue, WA",On-site,catered meals,1,"...eave, and more!</li> <li>Exceptional office experience with catered meals, events, and comfortable workspaces.</li> </ul><div class=""...",2026-04-13,https://boards.greenhouse.io/robinhood/jobs/7805145?t=gh_src=&gh_jid=7805145
Greenhouse,Robinhood,"Senior Software Engineer, Storage Platform","Bellevue, WA",On-site,catered meals,1,"...eave, and more!</li> <li>Exceptional office experience with catered meals, events, and comfortable workspaces.</li> </ul><div class=""...",2026-04-13,https://boards.greenhouse.io/robinhood/jobs/7729019?t=gh_src=&gh_jid=7729019
Greenhouse,Robinhood,"Senior Staff Software Engineer, Data Platform","Bellevue, WA",On-site,catered meals,1,"...eave, and more!</li> <li>Exceptional office experience with catered meals, events, and comfortable workspaces.</li> </ul> <h2><br><br...",2026-04-13,https://boards.greenhouse.io/robinhood/jobs/7729014?t=gh_src=&gh_jid=7729014
Greenhouse,Robinhood,Senior Tax Manager,"Menlo Park, CA",On-site,catered meals,1,"...eave, and more!</li> <li>Exceptional office experience with catered meals, events, and comfortable workspaces.</li> </ul><div class=""...",2026-04-10,https://boards.greenhouse.io/robinhood/jobs/7490029?t=gh_src=&gh_jid=7490029
Greenhouse,Robinhood,iOS Engineer,"New York, NY",On-site,catered meals,1,"...eave, and more!</li> <li>Exceptional office experience with catered meals, events, and comfortable workspaces.&nbsp;</li> <li>Monthly...",2026-04-08,https://boards.greenhouse.io/robinhood/jobs/6674980?t=gh_src=&gh_jid=6674980
Greenhouse,Robinhood,"Senior Technical Program Manager, Privacy","New York, NY",On-site,catered meals,1,"...eave, and more!</li> <li>Exceptional office experience with catered meals, events, and comfortable workspaces.</li> </ul><div class=""...",2026-04-13,https://boards.greenhouse.io/robinhood/jobs/7773503?t=gh_src=&gh_jid=7773503
Greenhouse,Robinhood,Social Designated Principal,"Chicago, IL; Denver, CO; Lake Mary, FL; New York, NY",On-site,catered meals,1,"...eave, and more!</li> <li>Exceptional office experience with catered meals, events, and comfortable workspaces.</li> </ul><div class=""...",2026-03-18,https://boards.greenhouse.io/robinhood/jobs/7639060?t=gh_src=&gh_jid=7639060
Greenhouse,Robinhood,"Software Backend Engineer, Credit Cards & Banking Platform","Bellevue, WA; Menlo Park, CA; New York, NY",On-site,catered meals,1,"...t=""3506"" data-end=""3592"">Exceptional office experience with catered meals, events, and comfortable workspaces</li> </ul><div class=""c...",2026-04-14,https://boards.greenhouse.io/robinhood/jobs/7022255?t=gh_src=&gh_jid=7022255
Greenhouse,Robinhood,"Software Engineer, Backend","Menlo Park, CA",On-site,catered meals,1,"...t=""3913"" data-end=""3999"">Exceptional office experience with catered meals, events, and comfortable workspaces</p> </li> </ul><div cla...",2026-04-08,https://boards.greenhouse.io/robinhood/jobs/7263592?t=gh_src=&gh_jid=7263592
Greenhouse,Robinhood,Capacity Planning & Forecasting Analyst,"Denver, CO; Westlake, TX",On-site,catered meals,1,"...eave, and more!</li> <li>Exceptional office experience with catered meals, events, and comfortable workspaces</li> </ul><div class=""c...",2026-04-14,https://boards.greenhouse.io/robinhood/jobs/7804765?t=gh_src=&gh_jid=7804765
Greenhouse,Robinhood,Staff Offensive Security Engineer,"Bellevue, WA",On-site,"catered meals, fully stocked kitchen, stocked kitchen",3,"...al leave, and more!</li> <li>Lively office environment with catered meals, fully stocked kitchens, and geo-specific commuter benefits...",2026-04-13,https://boards.greenhouse.io/robinhood/jobs/7460167?t=gh_src=&gh_jid=7460167
Greenhouse,Robinhood,"Staff Data Scientist, Product (Crypto)","Menlo Park, CA; New York, NY",On-site,catered meals,1,"...eave, and more!</li> <li>Exceptional office experience with catered meals, events, and comfortable workspaces.</li> </ul><div class=""...",2026-04-13,https://boards.greenhouse.io/robinhood/jobs/7489743?t=gh_src=&gh_jid=7489743
Greenhouse,Robinhood,"Staff Machine Learning Engineer, Agentic","Bellevue, WA; Menlo Park, CA",On-site,catered meals,1,"...al leave, and more!<br>● Exceptional office experience with catered meals, events, and comfortable workspaces</p><div class=""content-...",2026-04-13,https://boards.greenhouse.io/robinhood/jobs/7676714?t=gh_src=&gh_jid=7676714
Greenhouse,Robinhood,"Software Engineering Manager, Growth","Menlo Park, CA",On-site,catered meals,1,"...al leave, and more!<br>● Exceptional office experience with catered meals, events, and comfortable workspaces.&nbsp;</p><div class=""c...",2026-04-13,https://boards.greenhouse.io/robinhood/jobs/7489695?t=gh_src=&gh_jid=7489695
Greenhouse,Robinhood,"Staff Product Manager, Banking","Menlo Park, CA; New York, NY; Washington, DC",On-site,"catered meals, fully stocked kitchen, stocked kitchen",3,"...al leave, and more!</li> <li>Lively office environment with catered meals, fully stocked kitchens, and geo-specific commuter benefits...",2026-04-06,https://boards.greenhouse.io/robinhood/jobs/7587151?t=gh_src=&gh_jid=7587151
Greenhouse,Robinhood,"Staff Product Designer, Crypto","Bellevue, WA; Menlo Park, CA; New York, NY",On-site,catered meals,1,"...eave, and more!</li> <li>Exceptional office experience with catered meals, events, and comfortable workspaces.</li> </ul> <p>&nbsp;</...",2026-04-03,https://boards.greenhouse.io/robinhood/jobs/6545329?t=gh_src=&gh_jid=6545329
Greenhouse,Robinhood,"Staff Product Manager, International","Menlo Park, CA; New York, NY",On-site,"catered meals, fully stocked kitchen, stocked kitchen",3,"...al leave, and more!</li> <li>Lively office environment with catered meals, fully stocked kitchens, and geo-specific commuter benefits...",2026-04-14,https://boards.greenhouse.io/robinhood/jobs/7812801?t=gh_src=&gh_jid=7812801
Greenhouse,Robinhood,"Staff Security Analyst, Threat Intelligence","Menlo Park, CA",On-site,catered meals,1,"...eave, and more!</li> <li>Exceptional office experience with catered meals, events, and comfortable workspaces.</li> </ul><div class=""...",2026-04-13,https://boards.greenhouse.io/robinhood/jobs/7615745?t=gh_src=&gh_jid=7615745
Greenhouse,Robinhood,"Staff Software Engineer, Crypto Custody","Menlo Park, CA; New York, NY",On-site,catered meals,1,"...t=""3494"" data-end=""3580"">Exceptional office experience with catered meals, events, and comfortable workspaces</p> </li> </ul><div cla...",2026-04-13,https://boards.greenhouse.io/robinhood/jobs/7470947?t=gh_src=&gh_jid=7470947
Greenhouse,Robinhood,"Staff Security Engineer, Application Security","Bellevue, WA; Menlo Park, CA",On-site,catered meals,1,"...eave, and more!</li> <li>Exceptional office experience with catered meals, events, and comfortable workspaces.</li> </ul><div class=""...",2026-04-13,https://boards.greenhouse.io/robinhood/jobs/7754299?t=gh_src=&gh_jid=7754299
Greenhouse,Robinhood,"Staff Software Engineer, Streaming Infrastructure","Bellevue, WA",On-site,catered meals,1,"...eave, and more!</li> <li>Exceptional office experience with catered meals, events, and comfortable workspaces.</li> </ul><div class=""...",2026-04-13,https://boards.greenhouse.io/robinhood/jobs/7489755?t=gh_src=&gh_jid=7489755
Greenhouse,Robinhood,Staff Workday Engineer,"Menlo Park, CA",On-site,catered meals,1,"...eave, and more!</li> <li>Exceptional office experience with catered meals, events, and comfortable workspaces.</li> </ul><div class=""...",2026-04-13,https://boards.greenhouse.io/robinhood/jobs/7729682?t=gh_src=&gh_jid=7729682
Greenhouse,Robinhood,Staff Technical Program Manager,"Menlo Park, CA; New York, NY",On-site,catered meals,1,"...""3918"" data-end=""3921"">● Exceptional office experience with catered meals, events, and comfortable workspaces</p><div class=""content-...",2026-04-12,https://boards.greenhouse.io/robinhood/jobs/7489212?t=gh_src=&gh_jid=7489212
Greenhouse,Robinhood,Staff Technical Program Manager - Reliability Engineering,"Menlo Park, CA",On-site,catered meals,1,"...al leave, and more!<br>● Exceptional office experience with catered meals, events, and comfortable workspaces</p> <p>&nbsp;</p><div c...",2026-04-13,https://boards.greenhouse.io/robinhood/jobs/7739577?t=gh_src=&gh_jid=7739577
Greenhouse,Robinhood,Transitional Services Senior Specialist,"Chicago, IL; Denver, CO; Westlake, TX",On-site,catered meals,1,"...eave, and more!</li> <li>Exceptional office experience with catered meals, events, and comfortable workspaces.</li> </ul><div class=""...",2026-04-07,https://boards.greenhouse.io/robinhood/jobs/7561621?t=gh_src=&gh_jid=7561621
Greenhouse,Robinhood,Vendor Trainer,"Chicago, IL; Denver, CO; Westlake, TX",On-site,catered meals,1,"...eave, and more!</li> <li>Exceptional office experience with catered meals, events, and comfortable workspaces.</li> </ul><div class=""...",2026-03-27,https://boards.greenhouse.io/robinhood/jobs/7485770?t=gh_src=&gh_jid=7485770
Greenhouse,Robinhood,Web Engineer,"Menlo Park, CA",On-site,"catered meals, fully stocked kitchen, stocked kitchen",3,"...al leave, and more!</li> <li>Lively office environment with catered meals, fully stocked kitchens, and geo-specific commuter benefits...",2026-03-18,https://boards.greenhouse.io/robinhood/jobs/7543003?t=gh_src=&gh_jid=7543003
Greenhouse,Robinhood,Workplace Operations Specialist,"New York, NY",On-site,catered meals,1,"...eave, and more!</li> <li>Exceptional office experience with catered meals, events, and comfortable workspaces.</li> </ul><div class=""...",2026-04-14,https://boards.greenhouse.io/robinhood/jobs/7743508?t=gh_src=&gh_jid=7743508
Greenhouse,Zocdoc,AI Support Operations Manager,"New York, NY",Hybrid,catered lunch,1,...ng reimbursement</li> <li>Cell phone reimbursement</li> <li>Catered lunch everyday along with beverages and snacks</li> <li>Employee...,2026-04-14,https://job-boards.greenhouse.io/zocdoc/jobs/7717003
Greenhouse,Robinhood,Workplace Operations Specialist,"Washington, DC",On-site,catered meals,1,"...eave, and more!</li> <li>Exceptional office experience with catered meals, events, and comfortable workspaces.</li> </ul><div class=""...",2026-04-14,https://boards.greenhouse.io/robinhood/jobs/7815583?t=gh_src=&gh_jid=7815583
Greenhouse,Zocdoc,"Client Success Manager, Enterprise Sales","New York, NY",Hybrid,catered lunch,1,...ng reimbursement</li> <li>Cell phone reimbursement</li> <li>Catered lunch everyday along with beverages and snacks</li> <li>Employee...,2026-04-14,https://job-boards.greenhouse.io/zocdoc/jobs/7338884
Greenhouse,Zocdoc,"Content Marketing Manager, Research & Insights","New York, NY",Hybrid,catered lunch,1,...ng reimbursement</li> <li>Cell phone reimbursement</li> <li>Catered lunch everyday along with beverages and snacks</li> <li>Employee...,2026-04-14,https://job-boards.greenhouse.io/zocdoc/jobs/7595295
Greenhouse,Zocdoc,"Data Scientist, Marketing","New York, NY",Hybrid,catered lunch,1,"...li> <li data-stringify-indent=""0"" data-stringify-border=""0"">Catered lunch every day along with beverages and snacks</li> <li data-str...",2026-04-14,https://job-boards.greenhouse.io/zocdoc/jobs/7349018
Greenhouse,Zocdoc,Enterprise Account Executive,"New York, NY",Hybrid,catered lunch,1,...ng reimbursement</li> <li>Cell phone reimbursement</li> <li>Catered lunch everyday along with beverages and snacks</li> <li>Employee...,2026-04-14,https://job-boards.greenhouse.io/zocdoc/jobs/7772677
Greenhouse,Zocdoc,"Director, Product Management - Ads ","New York, NY",Hybrid,catered lunch,1,...imbursement</li> <li>Great Place to Work Certified</li> <li>Catered lunch everyday along with snacks</li> <li>Commuter Benefits</li>...,2026-04-14,https://job-boards.greenhouse.io/zocdoc/jobs/7699428
Greenhouse,Zocdoc,Integration Health Engineer,"New York, NY; USA Remote",Remote,catered lunch,1,...ng reimbursement</li> <li>Cell phone reimbursement</li> <li>Catered lunch everyday along with beverages and snacks</li> <li>Employee...,2026-04-14,https://job-boards.greenhouse.io/zocdoc/jobs/7659009
Greenhouse,Zocdoc,Group Product Marketing Manager: Provider Platform,"New York, NY",Hybrid,catered lunch,1,...ng reimbursement</li> <li>Cell phone reimbursement</li> <li>Catered lunch everyday along with beverages and snacks</li> <li>Employee...,2026-04-14,https://job-boards.greenhouse.io/zocdoc/jobs/7395169
Greenhouse,Zocdoc,Internal Communications Manager,"New York, NY",Hybrid,catered lunch,1,...ng reimbursement</li> <li>Cell phone reimbursement</li> <li>Catered lunch everyday along with beverages and snacks</li> <li>Employee...,2026-04-14,https://job-boards.greenhouse.io/zocdoc/jobs/7519909
Greenhouse,Zocdoc,"Manager, SMB Sales","New York, NY",Hybrid,catered lunch,1,"...li> <li data-stringify-indent=""0"" data-stringify-border=""0"">Catered lunch everyday along with beverages and snacks</li> <li data-stri...",2026-04-14,https://job-boards.greenhouse.io/zocdoc/jobs/6812531
Greenhouse,Zocdoc,"Marketing Manager, Paid Social ","New York, NY",Hybrid,catered lunch,1,"...li> <li data-stringify-indent=""0"" data-stringify-border=""0"">Catered lunch everyday along with beverages and snacks</li> <li data-stri...",2026-04-14,https://job-boards.greenhouse.io/zocdoc/jobs/7750763
Greenhouse,Zocdoc,Paid Social Strategist,"New York, NY",Hybrid,catered lunch,1,...ng reimbursement</li> <li>Cell phone reimbursement</li> <li>Catered lunch everyday along with beverages and snacks</li> <li>Employee...,2026-04-14,https://job-boards.greenhouse.io/zocdoc/jobs/7773566
Greenhouse,Zocdoc,Principal UX Researcher,"New York, NY",Hybrid,catered lunch,1,...ng reimbursement</li> <li>Cell phone reimbursement</li> <li>Catered lunch everyday along with beverages and snacks</li> <li>Employee...,2026-04-14,https://job-boards.greenhouse.io/zocdoc/jobs/7677778
Greenhouse,Zocdoc,Principal Product Manager,"New York, NY",Hybrid,catered lunch,1,"...li> <li data-stringify-indent=""0"" data-stringify-border=""0"">Catered lunch everyday along with beverages and snacks</li> <li data-stri...",2026-04-14,https://job-boards.greenhouse.io/zocdoc/jobs/7204871
Greenhouse,Zocdoc,Senior Analytics Engineer,"New York, NY",Hybrid,catered lunch,1,...ng reimbursement</li> <li>Cell phone reimbursement</li> <li>Catered lunch everyday along with beverages and snacks</li> <li>Employee...,2026-04-14,https://job-boards.greenhouse.io/zocdoc/jobs/7571797
Greenhouse,Zocdoc,"Senior Data Scientist, Marketplace","New York, NY",Hybrid,catered lunch,1,...ng reimbursement</li> <li>Cell phone reimbursement</li> <li>Catered lunch everyday along with beverages and snacks</li> <li>Employee...,2026-04-14,https://job-boards.greenhouse.io/zocdoc/jobs/7740157
Greenhouse,Zocdoc,"Sales Executive, Ads","New York, NY",Hybrid,catered lunch,1,...ng reimbursement</li> <li>Cell phone reimbursement</li> <li>Catered lunch everyday along with beverages and snacks</li> <li>Employee...,2026-04-14,https://job-boards.greenhouse.io/zocdoc/jobs/7553764
Greenhouse,Zocdoc,"Senior Associate, Commercial Operations & Strategy","New York, NY",Hybrid,catered lunch,1,...ng reimbursement</li> <li>Cell phone reimbursement</li> <li>Catered lunch everyday along with beverages and snacks</li> <li>Employee...,2026-04-14,https://job-boards.greenhouse.io/zocdoc/jobs/7589469
Greenhouse,Zocdoc,"Senior Data Scientist, Provider Network","New York, NY",Hybrid,catered lunch,1,...ng reimbursement</li> <li>Cell phone reimbursement</li> <li>Catered lunch everyday along with beverages and snacks</li> <li>Employee...,2026-04-14,https://job-boards.greenhouse.io/zocdoc/jobs/7746177
Greenhouse,Zocdoc,"Senior Director, Marketplace Product","New York, NY",Hybrid,catered lunch,1,"...ne reimbursement</li> <li data-start=""3017"" data-end=""3074"">Catered lunch every day along with beverages and snacks</li> <li data-sta...",2026-04-14,https://job-boards.greenhouse.io/zocdoc/jobs/7624671
Greenhouse,Zocdoc,"Senior Manager, Brand Social","New York, NY",Hybrid,catered lunch,1,"...li> <li data-stringify-indent=""0"" data-stringify-border=""0"">Catered lunch everyday along with beverages and snacks</li> <li data-stri...",2026-04-14,https://job-boards.greenhouse.io/zocdoc/jobs/7803676
Greenhouse,Zocdoc,Senior Product Designer,"New York, NY",Hybrid,catered lunch,1,...ng reimbursement</li> <li>Cell phone reimbursement</li> <li>Catered lunch everyday along with beverages and snacks</li> <li>Employee...,2026-04-14,https://job-boards.greenhouse.io/zocdoc/jobs/7612536
Greenhouse,Zocdoc,Senior Revenue Enablement Lead - SMB,"New York, NY",Hybrid,catered lunch,1,...ng reimbursement</li> <li>Cell phone reimbursement</li> <li>Catered lunch everyday along with beverages and snacks</li> <li>Employee...,2026-04-14,https://job-boards.greenhouse.io/zocdoc/jobs/7623866
Greenhouse,Zocdoc,"Senior Manager, Workplace Experience","New York, NY",Hybrid,catered lunch,1,...ng reimbursement</li> <li>Cell phone reimbursement</li> <li>Catered lunch everyday along with beverages and snacks</li> <li>Employee...,2026-04-14,https://job-boards.greenhouse.io/zocdoc/jobs/7696573
Greenhouse,Zocdoc,Senior Revenue Enablement Lead - Sales Excellence,"New York, NY",Hybrid,catered lunch,1,...ng reimbursement</li> <li>Cell phone reimbursement</li> <li>Catered lunch everyday along with beverages and snacks</li> <li>Employee...,2026-04-14,https://job-boards.greenhouse.io/zocdoc/jobs/7563692
Greenhouse,Zocdoc,Senior Site Reliability Engineer,"Silicon Valley, CA",Hybrid,catered lunch,1,...ng reimbursement</li> <li>Cell phone reimbursement</li> <li>Catered lunch everyday along with beverages and snacks</li> <li>Employee...,2026-04-14,https://job-boards.greenhouse.io/zocdoc/jobs/7736528
Greenhouse,Zocdoc,Senior Site Reliability Engineer,USA Remote,Remote,catered lunch,1,...ng reimbursement</li> <li>Cell phone reimbursement</li> <li>Catered lunch everyday along with beverages and snacks</li> <li>Employee...,2026-04-14,https://job-boards.greenhouse.io/zocdoc/jobs/7602324
Greenhouse,Zocdoc,Staff Analytics Engineer,"New York, NY",Hybrid,catered lunch,1,...ng reimbursement</li> <li>Cell phone reimbursement</li> <li>Catered lunch everyday along with beverages and snacks</li> <li>Employee...,2026-04-14,https://job-boards.greenhouse.io/zocdoc/jobs/7659010
Greenhouse,Zocdoc,"Senior Software Engineer, Scheduling ","New York, NY",Hybrid,catered lunch,1,...ng reimbursement</li> <li>Cell phone reimbursement</li> <li>Catered lunch everyday along with beverages and snacks</li> <li>Employee...,2026-04-14,https://job-boards.greenhouse.io/zocdoc/jobs/7713455
Greenhouse,Zocdoc,"Staff Data Scientist, Marketplace ","New York, NY",Hybrid,catered lunch,1,"...5328"" data-end=""5386""> <p data-start=""5330"" data-end=""5386"">Catered lunch everyday along with beverages and snacks</p> </li> <li data...",2026-04-14,https://job-boards.greenhouse.io/zocdoc/jobs/7560841
Greenhouse,Zocdoc,"Staff Product Manager, Bookings","New York, NY",Hybrid,catered lunch,1,"...ne reimbursement</li> <li data-start=""3017"" data-end=""3074"">Catered lunch every day along with beverages and snacks</li> <li data-sta...",2026-04-14,https://job-boards.greenhouse.io/zocdoc/jobs/7405773
Greenhouse,Zocdoc,"Staff Software Engineer, Data","New York, NY; USA Remote",Remote,catered lunch,1,...ng reimbursement</li> <li>Cell phone reimbursement</li> <li>Catered lunch everyday along with beverages and snacks</li> <li>Employee...,2026-04-14,https://job-boards.greenhouse.io/zocdoc/jobs/7700457
Greenhouse,Zocdoc,"Staff Software Engineer, Data Platform","New York, NY; USA Remote",Remote,catered lunch,1,...ng reimbursement</li> <li>Cell phone reimbursement</li> <li>Catered lunch everyday along with beverages and snacks</li> <li>Employee...,2026-04-14,https://job-boards.greenhouse.io/zocdoc/jobs/7699429
Greenhouse,Zocdoc,"Staff Software Engineer, iOS","New York, NY",Hybrid,catered lunch,1,"...li> <li data-stringify-indent=""0"" data-stringify-border=""0"">Catered lunch everyday along with beverages and snacks</li> <li data-stri...",2026-04-14,https://job-boards.greenhouse.io/zocdoc/jobs/7699431
Greenhouse,Zocdoc,"Staff Software Engineer (Front End), Appointment Management ","New York, NY",Hybrid,catered lunch,1,...ng reimbursement</li> <li>Cell phone reimbursement</li> <li>Catered lunch everyday along with beverages and snacks</li> <li>Employee...,2026-04-14,https://job-boards.greenhouse.io/zocdoc/jobs/7445262
Greenhouse,Zocdoc,"Staff Software Engineer, Sponsored Results","New York, NY",Hybrid,catered lunch,1,...ng reimbursement</li> <li>Cell phone reimbursement</li> <li>Catered lunch everyday along with beverages and snacks</li> <li>Employee...,2026-04-14,https://job-boards.greenhouse.io/zocdoc/jobs/7627949
Greenhouse,Zocdoc,"Staff Software Engineer, Marketplace","New York, NY",Hybrid,catered lunch,1,...ng reimbursement</li> <li>Cell phone reimbursement</li> <li>Catered lunch everyday along with beverages and snacks</li> <li>Employee...,2026-04-14,https://job-boards.greenhouse.io/zocdoc/jobs/7445264
Greenhouse,Zocdoc,"Staff Software Engineer, Scheduling ","New York, NY",Hybrid,catered lunch,1,...ng reimbursement</li> <li>Cell phone reimbursement</li> <li>Catered lunch everyday along with beverages and snacks</li> <li>Employee...,2026-04-14,https://job-boards.greenhouse.io/zocdoc/jobs/7713454
Greenhouse,Zocdoc,Technical Account Manager,"New York, NY",Hybrid,catered lunch,1,...ng reimbursement</li> <li>Cell phone reimbursement</li> <li>Catered lunch everyday along with beverages and snacks</li> <li>Employee...,2026-04-14,https://job-boards.greenhouse.io/zocdoc/jobs/7772675
