Account Name,Company Domain Name,ZoomInfo Company ID,ezCater Vertical,Industry,ezCater Industry,Zoominfo Industry
Louisiana State University,lsu.edu,23150769,Education,,Education,Colleges & Universities
State University System of Florida,flbog.edu,176177355,Education,,Education,State
Kipp,kippforlife.kipp.org,67471514,Technology,,Computer Software,K-12 Schools
University of California System,universityofcalifornia.edu,149078138,Education,Education,Education,Colleges & Universities
The University of Texas System,utsystem.edu,546413166,Education,,Education,Colleges & Universities
Stanford University,stanford.edu,21873421,Education,Education,Education,Colleges & Universities
Texas State University System,tsus.edu,150192263,Education,,Education,Colleges & Universities
Lone Star College,lonestar.edu,344351047,Education,,Education,Colleges & Universities
George Mason University,gmu.edu,7373556,Education,,Education,Colleges & Universities
California State University System,calstate.edu,6307968,Education,Education,Education,Colleges & Universities
Arizona Board of Regents,arizona.edu,2654881,Education,Education,Education,Colleges & Universities
Loyola Marymount University,lmu.edu,23183639,Education,Education,Education,Colleges & Universities
Texas A&M University System,tamus.edu,555894791,Education,,Education,Colleges & Universities
University of Nebraska System,nebraska.edu,26593374,Education,Education,Education,Colleges & Universities
Nevada System of Higher Education,unlv.edu,547774271,Education,Education,Education,Colleges & Universities
The University of Tennessee System,tennessee.edu,73286032,Education,,Education,Colleges & Universities
University of Colorado System,cu.edu,397544896,Education,Education,Education,Colleges & Universities
Rice University,rice.edu,96453132,Education,Education,Education,Colleges & Universities
University of Houston System,uhd.edu,551656893,Education,Education,Education,Colleges & Universities
University of Washington System,washington.edu,55313153,Education,Education,Education,Colleges & Universities
Kansas Board of Regents,college.ku.edu,18746154,Education,Education,Education,Colleges & Universities
Oregon State University,oregonstate.edu,172310790,Education,,Education,Colleges & Universities
Colorado State University System,colostate.edu,24743323,Education,Education,Education,Colleges & Universities
Dallas Independent School District,dallasisd.org,24629110,Education,Education,Education,K-12 Schools
University of Hawaii System,hawaii.edu,17318454,Education,Education,Education,Colleges & Universities
North Dakota University System,,8604483,Education,Education,Education,Colleges & Universities
Southern Methodist University,smu.edu,46744167,Education,,Education,Colleges & Universities
University of North Texas System,untsystem.edu,344181399,Education,,Education,Colleges & Universities
Pepperdine University,pepperdine.edu,54363070,Education,,Education,Colleges & Universities
Baylor College of Medicine,bcm.edu,1125349972,Health Social Services,Education,Hospital & Health Care,Colleges & Universities
Santa Clara University,scu.edu,20747711,Education,Education,Education,Colleges & Universities
University of New Mexico System,unm.edu,8785085,Education,Education,Education,Colleges & Universities
Alamo Colleges District,alamo.edu,2954034,Education,,Education,Colleges & Universities
Colorado School of Mines,mines.edu,399567720,Education,,Education,Colleges & Universities
Texas Christian University,tcu.edu,10765366,Education,Education,Education,Colleges & Universities
University of Denver,du.edu,22053375,Education,,Education,Colleges & Universities
University of Oregon,uoregon.edu,19957055,Education,,Education,Colleges & Universities
Mississippi State University,msstate.edu,25381443,Education,,Education,Colleges & Universities
New Mexico State University System,nmsu.edu,53905175,Education,Education,Education,Colleges & Universities
Baylor University,baylor.edu,12880808,Education,,Education,Colleges & Universities
Texas Woman's University,twu.edu,241926511,Education,Education,Education,Colleges & Universities
Creighton University,creighton.edu,9962000,Education,Education,Education,Colleges & Universities
GuideWell,guidewell.com,367467565,Finance,,Insurance,Insurance
Ibotta Inc,ibotta.com,356463576,Technology,,Computer Software,Mobile App Development
Andersen Tax LLC,andersen.com,363714198,Business Services,,Accounting,Accounting Services
Samvardhana Motherson International Ltd,motherson.com,49923065,Transportation,,Automotive,Automotive Parts
New Fortress Energy Inc,newfortressenergy.com,373354007,Construction and Engineering,,Utilities,Oil & Gas Exploration & Services
Mitsubishi Chemical Group Corp,mcgc.com,150438451,Construction and Engineering,,Chemicals,Chemicals & Related Products
CSL Ltd,seqirus.com,10109322,Pharma,,Biotechnology,Blood & Organ Banks
PayPal Holdings Inc,paypal.com,29818882,Finance,,Financial Services,Credit Cards & Transaction Processing
PepsiCo Inc,pepsico.com,112641050,Retail and Wholesale,,Food & Beverages,Food & Beverage
InterContinental Hotels Group PLC,ihgplc.com,56922256,Business Services,,Hospitality,Lodging & Resorts
Robert Bosch GmbH,bosch.com,5243820,Transportation,,Automotive,Automotive Parts
Stryker Corp,stryker.com,36848621,Pharma,,Medical Devices,Medical Devices & Equipment
Royal Bank of Canada,rbc.com,33325440,Finance,,Financial Services,Banking
Masco Corp,masco.com,23954077,Construction and Engineering,,Building Materials,Chemicals & Related Products
Sanofi,sanofi.com,93063799,Pharma,,Pharmaceuticals,Pharmaceuticals
Hexagon AB,hexagon.com,17662709,Technology,,Computer Software,Test & Measurement Equipment
Reckitt Benckiser Group PLC,reckitt.com,88867673,Retail and Wholesale,,Consumer Goods,Cleaning Products
H Lundbeck A/S,lundbeck.com,23265403,Pharma,,Pharmaceuticals,Pharmaceuticals
Danaher Corp,danaher.com,10503356,Construction and Engineering,,Mechanical or Industrial Engineering,Research & Development
Macquarie Group Ltd,macquarie.com,62392222,Finance,,Financial Services,Investment Banking
Honeywell International Inc,sps.honeywell.com,18071933,Construction and Engineering,,Electrical/Electronic Manufacturing,Computer Equipment & Peripherals
Boston Scientific Corp,bostonscientific.com,39196216,Pharma,,Medical Devices,Medical Devices & Equipment
DuPont de Nemours Inc,dupont.com,21252521,Construction and Engineering,,Chemicals,Chemicals & Related Products
Orange SA,orange.com,90572188,Info and Comms,,Telecommunications,Telephony & Wireless
Banner Health,bannerhealth.com,12259557,Health Social Services,,Hospital & Health Care,Medical & Surgical Hospitals
Infineon Technologies AG,infineon.com,72090875,Construction and Engineering,,Electrical/Electronic Manufacturing,Electronics
The Sherwin-Williams Co,sherwin-williams.com,82839690,Construction and Engineering,,Chemicals,Chemicals & Related Products
Depository Trust & Clearing Corp,dtcc.com,32738723,Finance,,Financial Services,Credit Cards & Transaction Processing
Inari Medical Inc,inarimedical.com,368842591,Pharma,,Medical Devices,Medical Devices & Equipment
Sullivan & Cromwell LLP,sullcrom.com,263078087,Business Services,,Legal Services,Law Firms & Legal Services
Ultragenyx Pharmaceutical Inc,ultragenyx.com,346003533,Pharma,,Biotechnology,Pharmaceuticals
Kimberly-Clark Corp,kimberly-clark.com,80970479,Retail and Wholesale,,Consumer Goods,Pulp & Paper
Schlumberger Ltd,slb.com,70336972,Construction and Engineering,,Oil & Energy,Oil & Gas Exploration & Services
Signet Jewelers Ltd,signetjewelers.com,92635465,Retail and Wholesale,,Luxury Goods & Jewelry,Jewelry & Watch Retail
Ameriprise Financial Inc,ameriprise.com,6065973,Finance,,Financial Services,Investment Banking
Roper Technologies Inc,ropertech.com,159695202,Construction and Engineering,,Industrial Automation,Custom Software & IT Services
Suntory Holdings Ltd,suntory.com,113230794,Retail and Wholesale,,Food & Beverages,Food & Beverage
Olympus Corp,olympus-global.com,28786937,Pharma,,Medical Devices,Photographic & Optical Equipment
Envision Healthcare Holdings Inc,envisionhealth.com,369126389,Health Social Services,,Hospital & Health Care,Ambulance Services
Alcon Inc,alcon.com,1130921,Pharma,,Medical Devices,Medical Devices & Equipment
Caterpillar Inc,togetherstronger.com,9438760,Construction and Engineering,,Machinery,Industrial Machinery & Equipment
Eurofins Scientific SE,eurofins.com,7274773,Pharma,,Biotechnology,Research & Development
K1 Speed Inc,k1speed.com,43698000,Business Services,,Hospitality,"Amusement Parks, Arcades & Attractions"
Vinci,vinci.com,61046868,Construction and Engineering,,Construction,Civil Engineering Construction
HNTB Corp,hntb.com,17859287,Construction and Engineering,,Architecture & Planning,"Architecture, Engineering & Design"
The PNC Financial Services Group Inc,pnc.com,95650875,Finance,,Financial Services,Banking
Magna International Inc,magna.com,31164078,Transportation,,Automotive,Automotive Parts
Southern Co,southerncompany.com,35783308,Construction and Engineering,,Utilities,"Electricity, Oil & Gas"
Alkermes Inc,alkermes.com,1196510,Pharma,,Biotechnology,Pharmaceuticals
VirtuOx Inc,virtuox.net,348167011,Rec and Arts,,"Health, Wellness and Fitness",Healthcare Software
Sysco Corp,sysco.com,72238328,Retail and Wholesale,,Food & Beverages,Grocery Retail
Sompo Holdings Inc,sompo-hd.com,368822477,Finance,,Insurance,Holding Companies & Conglomerates
The Goodyear Tire & Rubber Co,goodyear.com,16400529,Transportation,,Automotive,Tires & Rubber
The Cooper Companies Inc,coopercos.com,345117534,Pharma,,Medical Devices,Medical Devices & Equipment
Thomson Reuters Corp,thomsonreuters.com,119243747,Finance,,Financial Services,Newspapers & News Services
Analysis Group Inc,analysisgroup.com,6181677,Business Services,,Management Consulting,Management Consulting
The Aspen Group,teamtag.com,536694467,Business Services,,Management Consulting,Dental Offices
Akzo Nobel NV,akzonobel.com,1000171,Construction and Engineering,,Chemicals,Chemicals & Related Products
Murata Manufacturing Co Ltd,murata.com,117768916,Construction and Engineering,,Electrical/Electronic Manufacturing,Electronics
Perkins and Will Inc,perkinswill.com,4917209,Construction and Engineering,,Architecture & Planning,"Architecture, Engineering & Design"
Acuity Brands Inc,acuitybrands.com/who-we-are/acuity-brands-lighting/roam,369236737,Construction and Engineering,,Electrical/Electronic Manufacturing,HR & Staffing
Los Angeles Angels,angels.com,371683965,Rec and Arts,,Sports,Sports Teams & Leagues
Maximus Inc,maximus.com,24085194,Info and Comms,,Information Technology and Services,Management Consulting
TE Connectivity Ltd,te.com,346244407,Construction and Engineering,,Electrical/Electronic Manufacturing,Electronics
Alaska Air Group Inc,alaskaair.com,218706,Transportation,,Airlines/Aviation,"Airlines, Airports & Air Services"
HubSpot Inc,hubspot.com,94209531,Technology,,Computer Software,Customer Relationship Management (CRM) Software
Johnson & Johnson,jnj.com,20775334,Pharma,,Pharmaceuticals,Pharmaceuticals
Sun Pharmaceutical Industries Ltd,sunpharma.com,109166937,Pharma,,Pharmaceuticals,Pharmaceuticals
Oracle Corp,oracle.com,67421650,Technology,,Computer Software,Enterprise Resource Planning (ERP) Software
Compagnie de Saint-Gobain SA,saint-gobain.com,230752507,Construction and Engineering,,Building Materials,Glass & Clay
Darden Restaurants Inc,darden.com,75369180,Other Industries,,Restaurants,Restaurants
Shell PLC,shell.com,37934049,Construction and Engineering,,Oil & Energy,Oil & Gas Exploration & Services
WSP Global Inc,wsp.com,42844372,Construction and Engineering,,Civil Engineering,"Architecture, Engineering & Design"
HSBC Holdings PLC,hsbc.com,69033487,Finance,,Financial Services,Banking
DAIKIN INDUSTRIES Ltd,daikin.com,39424760,Construction and Engineering,,Mechanical or Industrial Engineering,Industrial Machinery & Equipment
Koch Inc,kochinc.com,368937886,Construction and Engineering,,Construction,Holding Companies & Conglomerates
Sutter Health,sutterhealth.org,36406535,Health Social Services,,Hospital & Health Care,Medical & Surgical Hospitals
Fairfax Financial Holdings Ltd,fairfax.ca,62736867,Finance,,Financial Services,Holding Companies & Conglomerates
Siemens AG,siemens.com,108806524,Construction and Engineering,,Industrial Automation,Industrial Machinery & Equipment
Bridgestone Corp,bridgestone.co.jp,7455885,Transportation,,Automotive,Tires & Rubber
Two Sigma Investments LP,twosigma.com,96223643,Finance,,Financial Services,Investment Banking
McDonald's Corp,rmhcoutstatemi.org,24182874,Health Social Services,,Nonprofit Organizations,Restaurants
Olam International Ltd,olamgroup.com,351702671,Retail and Wholesale,,Food & Beverages,Grocery Retail
Novonesis,novonesis.com,70353938,Construction and Engineering,,Chemicals,Research & Development
Huntington Bancshares Inc,huntington.com,25692673,Finance,,Financial Services,Banking
Bloomin' Brands Inc,bloominbrands.com,348805066,Other Industries,,Restaurants,Restaurants
Block Inc,block.xyz,559977935,Finance,,Financial Services,Holding Companies & Conglomerates
Biogen Inc,biogen.com,33791530,Pharma,,Biotechnology,Pharmaceuticals
INEOS Group,ineos.com,68799582,Construction and Engineering,,Chemicals,Chemicals & Related Products
Bath & Body Works Inc,bbwinc.com,11012254,Retail and Wholesale,,Retail,"Cosmetics, Beauty Supply & Personal Care Products"
Mets,mlb.com/mets,24658177,Technology,,Internet,Sports Teams & Leagues
Turo Inc,turo.com,359066850,Other Industries,,"Leisure, Travel & Tourism",Car & Truck Rental
Prudential Financial Inc,prudential.com,56526980,Finance,,Financial Services,Insurance
Sun Life Financial Inc,sunlife.com,109150433,Finance,,Financial Services,Insurance
Eaton Corp,eaton.com,12271889,Construction and Engineering,,Industrial Automation,Industrial Machinery & Equipment
Kynetic LLC,kynetic.com,347733727,Finance,,Financial Services,Custom Software & IT Services
Epic Games Inc,epicgames.com,41307247,Technology,,Computer Software,"Multimedia, Games & Graphics Software"
Novant Health,novanthealth.org,28132378,Health Social Services,,Hospital & Health Care,Medical & Surgical Hospitals
Hologic Inc,hologic.com,10355013,Pharma,,Medical Devices,Medical Devices & Equipment
Novartis,novartis.com,62014529,Pharma,,Pharmaceuticals,Pharmaceuticals
Iberdrola SA,iberdrola.com,18563902,Construction and Engineering,,Utilities,"Electricity, Oil & Gas"
New York Life Insurance Co,newyorklife.com,8080627,Finance,,Insurance,Insurance
BAE Systems,baesystems.com,11127417,Other Industries,,Defense & Space,Aerospace & Defense
Incyte Corp,incyte.com,47695958,Pharma,,Biotechnology,Pharmaceuticals
Chubb Ltd,chubb.com,30560509,Finance,,Insurance,Insurance
Sundt,sundt.com,81592728,Construction and Engineering,,Construction,Commercial & Residential Construction
Larsen & Toubro Ltd,larsentoubro.com,677492,Finance,,Financial Services,Commercial & Residential Construction
bioM�rieux SA,biomerieux.com,20090875,Pharma,,Biotechnology,Research & Development
Korn Ferry,kornferry.com,80400120,Business Services,,Staffing and Recruiting,HR & Staffing
BorgWarner Inc,turbo.borgwarner.com,28268742,Transportation,,Automotive,Automotive Parts
Lockheed Martin Corp,lockheedmartin.com,21712070,Other Industries,,Defense & Space,Aerospace & Defense
Rio Tinto PLC,riotinto.com,82102584,Other Industries,,Mining & Metals,Minerals & Mining
Northrop Grumman Corp,northropgrumman.com,6131071,Other Industries,,Defense & Space,Aerospace & Defense
M&T Bank Corp,mtb.com,71369574,Finance,,Financial Services,Banking
Barbour Orthopedics & Spine,barbourortho.com,348701283,Health Social Services,,Hospital & Health Care,Physicians Clinics
Emerson Electric Co,appleton.emerson.com/en-us/easy-heat,46322077,Construction and Engineering,,Mechanical or Industrial Engineering,Industrial Machinery & Equipment
Vodafone Group PLC,vodafone.com,128123007,Info and Comms,,Telecommunications,Telephony & Wireless
Lincoln International LLC,lincolninternational.com,85508860,Finance,,Financial Services,Investment Banking
Trane Technologies PLC,tranetechnologies.com,478896291,Construction and Engineering,,Construction,Industrial Machinery & Equipment
Heb,heb.com,48187827,Retail and Wholesale,,Retail,Grocery Retail
VaxCare Corp,vaxcare.com,345977776,Info and Comms,,Information Technology and Services,Healthcare Software
McDermott Will & Emery LLP,mwe.com,64325533,Business Services,,Legal Services,Law Firms & Legal Services
Wolters Kluwer NV,wolterskluwer.com,56099122,Info and Comms,,Publishing,Legal Software
Fortrea,fortrea.com,510013279,Pharma,,Biotechnology,Research & Development
Danone SA,danone.com,34476681,Retail and Wholesale,,Food & Beverages,Food & Beverage
Standard Industries Inc,standardindustries.com,380706784,Construction and Engineering,,Building Materials,Building Materials
CRH PLC,crh.com,9978608,Construction and Engineering,,Building Materials,Building Materials
Addus HomeCare,addus.com,656385,Health Social Services,,Hospital & Health Care,Elderly Care Services
Highmark Health,highmarkhealth.org/hmk/index.shtml,415400764,Health Social Services,,Hospital & Health Care,Insurance
Integrity Marketing Group,integrity.com,59591074,Finance,,Financial Services,Insurance
Waste Management Inc,wm.com,56049732,Construction and Engineering,,Environmental Services,"Waste Treatment, Environmental Services & Recycling"
Infoblox Inc,infoblox.com,26722931,Technology,,Computer Software,Networking Software
SAP,sap.com,65536388,Technology,,Computer Software,Enterprise Resource Planning (ERP) Software
WH Group Ltd,wh-group.com,358705146,Retail and Wholesale,,Food & Beverages,Food & Beverage
Daiichi Sankyo Company Ltd,daiichisankyo.com,11878995,Pharma,,Pharmaceuticals,Pharmaceuticals
Astellas Pharma Inc,astellas.com,7031337,Pharma,,Pharmaceuticals,Pharmaceuticals
"State Farm Mutual Automobile Insurance Company, Bloomington, IL",statefarm.com,114016644,Finance,,Insurance,Insurance
Pandora Jewelry LLC,pandoragroup.com,86999677,Retail and Wholesale,,Luxury Goods & Jewelry,Watches & Jewelry
San Francisco Giants,sfgiants.com,479932567,Rec and Arts,,Sports,Sports Teams & Leagues
BioNTech AG,biontech.com,372797514,Construction and Engineering,,Environmental Services,Blood & Organ Banks
Ferrari NV,ferrari.com,50925246,Transportation,,Automotive,Motor Vehicles
Waters Corp,waters.com,244793485,Pharma,,Biotechnology,Test & Measurement Equipment
Adidas AG,adidas-group.com,491927,Retail and Wholesale,Textiles & Apparel,Apparel & Fashion,Apparel & Accessories Retail
Canadian Imperial Bank of Commerce,cibc.com,30789559,Finance,,Financial Services,Banking
Robinhood Markets Inc,robinhood.com,371804974,Finance,,Financial Services,Investment Banking
Tanium Inc,tanium.com,348184184,Technology,,Computer Software,Security Software
Kohls Inc,corporate.kohls.com,21692686,Retail and Wholesale,,Retail,"Department Stores, Shopping Centers & Superstores"
State Compensation Insurance Fund,statefundca.com,265503015,Finance,,Insurance,Insurance
Celonis SE,celonis.com,372193030,Technology,,Computer Software,Business Intelligence (BI) Software
Children's Mercy Kansas City,childrensmercy.org,46911664,Health Social Services,,Hospital & Health Care,Medical & Surgical Hospitals
Northeast Georgia Health System Inc,nghs.com,54330426,Health Social Services,,Hospital & Health Care,Medical & Surgical Hospitals
Duke University,duke.edu,7372832,Education,,Education,Colleges & Universities
The University of North Carolina System,northcarolina.edu,1152321469,Education,Education,Education,Colleges & Universities
University System of Georgia,usg.edu,7869508,Education,,Education,Colleges & Universities
Saint Louis University,slu.edu,36291411,Education,,Education,Colleges & Universities
University of Arkansas System,uasys.edu,564697904,Education,,Education,Colleges & Universities
Utah System of Higher Education,ushe.edu,1172838994,Education,,Education,Training
University of Kentucky,uky.edu,11830615,Education,,Education,Colleges & Universities
Washington University in St Louis,washu.edu,65145132,Education,,Education,Colleges & Universities
The Regents of the University of Michigan,umich.edu,559692160,Education,,Education,Colleges & Universities
University of Illinois System,uillinois.edu,564697906,Education,,Education,Colleges & Universities
Michigan State University,msu.edu,24789263,Education,,Education,Colleges & Universities
Wayne State University,wayne.edu,114098293,Education,,Education,Colleges & Universities
The University of Wisconsin System,wisconsin.edu,100909192,Education,,Education,Colleges & Universities
Gvsu,gvsu.edu,34439600,Education,,Education,Colleges & Universities
Purdue University,purdue.edu,98599255,Education,,Education,Colleges & Universities
Oklahoma State University,okstate.edu,19890428,Education,,Education,Colleges & Universities
University of Virginia,virginia.edu,513070654,Education,,Education,Colleges & Universities
DePaul University,depaul.edu,17696873,Education,,Education,Colleges & Universities
The University of Alabama System,uasystem.edu,108036325,Education,,Education,Colleges & Universities
Northern Illinois University,niu.edu,81644497,Education,,Education,Colleges & Universities
The University of Missouri System,umsystem.edu,564942473,Education,,Education,Colleges & Universities
Ball State University,bsu.edu,11900093,Education,,Education,Colleges & Universities
West Virginia University,wvu.edu,38620030,Education,,Education,Colleges & Universities
Illinois State University,illinoisstate.edu,101124803,Education,,Education,Colleges & Universities
Ohio University,ohio.edu,71600312,Education,,Education,Colleges & Universities
The University of South Carolina,sc.edu,79987985,Education,,Education,Colleges & Universities
Southern Illinois University,siu.edu,1153831650,Education,,Education,Colleges & Universities
Case Western Reserve University,case.edu,10257111,Education,,Education,Colleges & Universities
University of Louisville,louisville.edu,28410153,Education,,Education,Colleges & Universities
Boise State University,boisestate.edu,1134026242,Education,,Education,Colleges & Universities
Western Kentucky University,wku.edu,86556755,Education,,Education,Colleges & Universities
University of Notre Dame,nd.edu,71860363,Education,,Education,Colleges & Universities
Eastern Michigan University,emich.edu,51760958,Education,,Education,Colleges & Universities
The University of Chicago,uchicago.edu,39682095,Education,,Education,Colleges & Universities
Clemson University,clemsontigers.com,11338897,Education,,Education,Colleges & Universities
Loyola University Chicago,luc.edu,40765313,Education,,Education,Colleges & Universities
University of Dayton,udayton.edu,39698465,Education,,Education,Colleges & Universities
South Dakota State University,sdstate.edu,34243487,Education,,Education,Colleges & Universities
Missouri State University,missouristate.edu,150291170,Education,,Education,Colleges & Universities
Butler University,butler.edu,44503113,Education,,Education,Colleges & Universities
Iowa State University,iastate.edu,20104179,Education,,Education,Colleges & Universities
Central Michigan University,cmich.edu,9847997,Education,,Education,Colleges & Universities
The University of Oklahoma,ou.edu,39829577,Education,,Education,Colleges & Universities
Xavier University,xavier.edu,153370706,Education,,Education,Colleges & Universities
University of Wyoming,uwyo.edu,126468141,Education,,Education,Colleges & Universities
National Louis University,nl.edu,1114961568,Education,,Education,Colleges & Universities
University of South Carolina Aiken,usca.edu,1140562924,Education,,Education,Colleges & Universities
Indiana University,iu.edu,1109879688,Education,,Education,Colleges & Universities
EchoStar,echostar.com,73517041,Info and Comms,,Telecommunications,Cable & Satellite
Unilever PLC,unilever.com,39453113,Retail and Wholesale,,Consumer Goods,"Cosmetics, Beauty Supply & Personal Care Products"
Charter Communications Inc,corporate.charter.com,24169680,Info and Comms,,Telecommunications,"Internet Service Providers, Website Hosting & Internet-related Services"
Booking Holdings Inc,bookingholdings.com,43304391,Technology,,Internet,Travel Agencies & Services
Recruit Holdings Co Ltd,recruit-holdings.com,358532440,Business Services,,Staffing and Recruiting,HR & Staffing
Omnicom Group Inc,omnicomgroup.com,372903388,Business Services,,Marketing and Advertising,Advertising & Marketing
International Paper Co,internationalpaper.com,19939690,Retail and Wholesale,,Paper & Forest Products,Pulp & Paper
Palo Alto Networks Inc,paloaltonetworks.com,141951307,Technology,,Computer Network & Security,Security Software
Verizon Communications Inc,verizon.com,126828694,Info and Comms,,Telecommunications,Telephony & Wireless
Paylocity,paylocity.com,111641624,Technology,,Computer Software,Human Resources Software
Aptiv PLC,aptiv.co,2507136,Transportation,,Automotive,Automotive Parts
US Bank,usbank.com,63243962,Finance,,Financial Services,Banking
Home Depot Inc,homedepot.com,42962757,Retail and Wholesale,,Retail,Home Improvement & Hardware Retail
Thryv Inc,thryv.com,434318783,Technology,,Computer Software,Customer Relationship Management (CRM) Software
Textron Inc,textron.com,8850023,Transportation,,Airlines/Aviation,Aerospace & Defense
Fox Corp,fox.com,24054796,Rec and Arts,,Media and Entertainment,Broadcasting
Global Infrastructure Solutions Inc,gisi.com,432108568,Finance,,Financial Services,Holding Companies & Conglomerates
Loews Corp,loews.com,33309199,Finance,,Financial Services,Holding Companies & Conglomerates
Richemont SA,richemont.com,32817858,Retail and Wholesale,,Luxury Goods & Jewelry,Holding Companies & Conglomerates
AutoZone Inc,autozone.com,3523141,Transportation,,Automotive,Automobile Parts Stores
Flutter Entertainment PLC,flutter.com,368818075,Rec and Arts,,Gambling & Casinos,Gambling & Gaming
Target Corp,corporate.target.com,37536530,Retail and Wholesale,,Retail,"Department Stores, Shopping Centers & Superstores"
Lenovo Group Ltd,lenovo.com,46581485,Technology,,Computer Hardware,Computer Equipment & Peripherals
Salesforce,salesforce.com,239305146,Technology,Customer Relationship Management (CRM) Software,Computer Software,Customer Relationship Management (CRM) Software
McKesson Corp,mckesson.com,24231957,Health Social Services,,Hospital & Health Care,Drug Stores & Pharmacies
KPMG,kpmg.com,380703418,Business Services,,Accounting,Accounting Services
Anheuser-Busch InBev,ab-inbev.com,34473739,Retail and Wholesale,,Food & Beverages,Food & Beverage
Cox Enterprises Inc,coxenterprises.com,36032131,Rec and Arts,Holding Companies & Conglomerates,Media and Entertainment,Holding Companies & Conglomerates
Major League Baseball,mlb.com,15111096,Rec and Arts,,Sports,Sports Teams & Leagues
Henkel AG & Co KGaA,henkel.com,28133034,Retail and Wholesale,,Consumer Goods,"Cosmetics, Beauty Supply & Personal Care Products"
Equinix Inc,equinix.com,13206029,Info and Comms,,Information Technology and Services,Custom Software & IT Services
Allianz SE,allianz.com,2508566,Finance,,Insurance,Insurance
NBA Media Ventures LLC,nba.com,26411131,Rec and Arts,,Sports,Sports Teams & Leagues
Newell Brands Inc,newellbrands.com,27525214,Retail and Wholesale,,Consumer Goods,Household Goods
Fidelity Management & Research LLC (FMR),fidelity.com,357273046,Finance,,Financial Services,Investment Banking
Morgan Stanley,morganstanley.com,64144030,Finance,,Financial Services,Investment Banking
Dell Technologies,dell.com,10879721,Technology,,Computer Hardware,Computer Equipment & Peripherals
NVIDIA Corp,nvidia.com,136118787,Technology,,Computer Hardware,Computer Equipment & Peripherals
DraftKings Inc-Boston,draftkings.com,348016779,Rec and Arts,,Gambling & Casinos,Gambling & Gaming
Allen & Overy,allenovery.com,3590682,Business Services,,Legal Services,Law Firms & Legal Services
Lululemon Athletica Inc,corporate.lululemon.com,344512993,Retail and Wholesale,,Retail,Apparel & Accessories Retail
Collegium Pharmaceutical Inc,collegiumpharma.com,16026417,Pharma,,Pharmaceuticals,Pharmaceuticals
JTEKT Corp,jtekt.co.jp,95077387,Transportation,,Automotive,Automotive Parts
"Becton, Dickinson and Co",bd.com/en-us/products-and-solutions/solutions/vascular-access-management,4211217,Pharma,,Medical Devices,Medical Devices & Equipment
Halliburton Co,halliburton.com,17056593,Construction and Engineering,,Oil & Energy,Oil & Gas Exploration & Services
Tarrant Capital IP LLC,tpg.com,38633816,Finance,,Financial Services,Venture Capital & Private Equity
Ashtead Group PLC,ashtead-group.com,8555941,Construction and Engineering,,Construction,"Other Rental Stores (Furniture, A/V, Construction & Industrial Equipment)"
Sonic Automotive Inc.,echopark.com,111051900,Transportation,,Automotive,Automobile Dealers
Blackstone Inc,blackstone.com,14667677,Finance,,Financial Services,Venture Capital & Private Equity
Unum Group,unum.com,40026602,Finance,,Insurance,Insurance
Teva Pharmaceutical Industries Ltd,tevapharm.com,37962377,Pharma,,Pharmaceuticals,Pharmaceuticals
PROS Holdings Inc,pros.com,78120278,Technology,,Computer Software,Customer Relationship Management (CRM) Software
Dominion Energy Inc,dominionenergy.com,31231388,Construction and Engineering,,Utilities,"Electricity, Oil & Gas"
American Signature Furniture,americansignaturefurniture.com,507035177,Retail and Wholesale,,Furniture,Furniture
Starbucks Coffee Co,starbucks.com,36487399,Other Industries,,Restaurants,Restaurants
Altos Labs Inc,altoslabs.com,563260563,Info and Comms,,Information Technology and Services,Research & Development
Kyu,kyu.com,374950030,Business Services,,Design,Holding Companies & Conglomerates
Fish & Richardson PC,fr.com,44387214,Business Services,,Legal Services,Law Firms & Legal Services
Miami Marlins,mlb.com/marlins,100631546,Rec and Arts,,Sports,Sports Teams & Leagues
Whiting-Turner,whiting-turner.com,111378548,Construction and Engineering,,Construction,Commercial & Residential Construction
Edward D Jones & Co. LP,edwardjones.com,31693712,Finance,,Financial Services,Lending & Brokerage
ALSTOM Holdings,alstom.com,2360474,Transportation,,Transportation/Trucking/Railroad,Industrial Machinery & Equipment
ZS Associates Inc,zs.com,69173314,Business Services,,Management Consulting,Management Consulting
Rosendin Electric Inc,rosendin.com,33211533,Construction and Engineering,,Construction,Commercial & Residential Construction
"Mintz, Levin, Cohn, Ferris, Glovsky, and Popeo PC",mintz.com,30867561,Business Services,,Legal Services,Law Firms & Legal Services
Niagara Bottling LLC,niagarawater.com,86147705,Retail and Wholesale,,Food & Beverages,Food & Beverage
TraceLink Inc,tracelink.com,346706127,Technology,,Computer Software,Supply Chain Management (SCM) Software
Frazier & Deeter LLC,frazierdeeter.com,41765506,Business Services,,Accounting,Accounting Services
Wise,wise.com,535124415,Finance,,Financial Services,Credit Cards & Transaction Processing
BGE Inc,bgeinc.com,18059395,Construction and Engineering,,Civil Engineering,"Architecture, Engineering & Design"
Saint Joseph's University,sju.edu,17761984,Education,,Education,Colleges & Universities
The City University of New York,cuny.edu,8257746,Education,Education,Education,Colleges & Universities
State University of New York,suny.edu,13043336,Education,Education,Education,Colleges & Universities
University of New Hampshire,unh.edu,88015059,Education,,Education,Colleges & Universities
Auburn University,auburn.edu,7359230,Education,,Education,Colleges & Universities
Columbia University,columbia.edu,7406302,Education,Education,Education,Colleges & Universities
New York University,nyu.edu,28459040,Education,Education,Education,Colleges & Universities
Rutgers University,rutgers.edu,15616792,Education,Education,Education,Colleges & Universities
Emory University,emory.edu,12861590,Education,,Education,Colleges & Universities
University of Pittsburgh,pitt.edu,555205249,Education,Education,Education,Colleges & Universities
University of Pennsylvania,upenn.edu,105351486,Education,,Education,Colleges & Universities
Harvard University,harvard.edu,1117950769,Education,Education,Education,Membership Organizations
Massachusetts Institute of Technology,mit.edu,73368682,Education,Education,Education,Colleges & Universities
Carnegie Mellon University,cmu.edu,7438572,Education,Higher Education,Education,Colleges & Universities
Drexel University,drexel.edu,10852424,Education,,Education,Colleges & Universities
Thomas Jefferson University,jefferson.edu,20402352,Education,,Education,Colleges & Universities
University of Connecticut,uconn.edu,39288894,Education,,Education,Colleges & Universities
University System of Maryland,usmd.edu,535912417,Education,Education,Education,Colleges & Universities
Dartmouth College,dartmouth.edu,33280815,Education,Education,Education,Colleges & Universities
Vanderbilt University,vanderbilt.edu,29217377,Education,,Education,Colleges & Universities
Johns Hopkins University,jhu.edu,7340119,Education,Education,Education,Colleges & Universities
Yale University,yale.edu,23678879,Education,Education,Education,Colleges & Universities
George Washington University,gwu.edu,16974138,Education,,Education,Colleges & Universities
Uncommon Schools,uncommonschools.org,66045577,Education,Education,Education,K-12 Schools
Boston College,bc.edu,9603466,Education,Education,Education,Colleges & Universities
Northwestern State University,nsula.edu,38913273,Education,,Education,Colleges & Universities
University of Vermont,uvm.edu,39927970,Education,,Education,Colleges & Universities
Suffolk University,suffolk.edu,108970103,Education,,Education,Colleges & Universities
Northeastern University,northeastern.edu,38946350,Education,Education,Education,Colleges & Universities
University of the District of Columbia,udc.edu,39698510,Education,Education,Education,Colleges & Universities
Zeta Charter Schools,zetaschools.org,450255172,Education,,Education,K-12 Schools
Georgetown University,georgetown.edu,15876528,Education,Education,Education,Colleges & Universities
Brown University,brown.edu,18059308,Education,Education,Education,Colleges & Universities
The New School,newschool.edu,1135285,Education,,Education,Colleges & Universities
Cornell University,cornell.edu,30247791,Education,Education,Education,Colleges & Universities
New York Public Library,nypl.org,70880110,Education,Education,Libraries,Libraries
Marshall University,marshall.edu,66128044,Education,Education,Education,Colleges & Universities
Fordham University,fordham.edu,39618915,Education,Education,Education,Colleges & Universities
Villanova University,villanova.edu,120520837,Education,,Education,Colleges & Universities
Friendship Public Charter School,friendshipschools.org,45124027,Education,,Education,K-12 Schools
University of Rhode Island,uri.edu,52576417,Education,Education,Education,Colleges & Universities
Pennsylvania Western University,pennwest.edu,564956517,Education,,Education,Colleges & Universities
Long Island University,liu.edu,164774516,Education,,Education,Colleges & Universities
University of Delaware,udel.edu,39698486,Education,Education,Education,Colleges & Universities
Boston University,bu.edu,566146480,Education,Education,Education,Colleges & Universities
New York Institute of Technology,nyit.edu,86393931,Education,Education,Education,Colleges & Universities
Rochester Institute of Technology,rit.edu,32899825,Education,,Education,Colleges & Universities
The Pennsylvania State University,psu.edu,4309461,Education,Education,Education,Colleges & Universities
Temple University,temple.edu,11751411,Education,Education,Education,Colleges & Universities
American University,american.edu,2015292,Education,Education,Education,Colleges & Universities
University of Maine System,maine.edu,348473948,Education,,Education,Colleges & Universities
Sacred Heart University,sacredheart.edu,198902014,Education,,Education,Colleges & Universities
Liberty University,liberty.edu,73516338,Education,,Education,Colleges & Universities
Tufts University,tufts.edu,15485779,Education,Education,Education,Colleges & Universities
Pittsburg State University,pittstate.edu,62983744,Education,Education,Education,Colleges & Universities
Canon Inc,global.canon,25024189,Technology,,Computer Hardware,Computer Equipment & Peripherals
The Travelers Companies Inc,travelers.com,51200156,Finance,,Insurance,Insurance
National Grid PLC,nationalgrid.com,26591345,Construction and Engineering,,Utilities,"Electricity, Oil & Gas"
Flex Ltd,flex.com,14648077,Construction and Engineering,,Electrical/Electronic Manufacturing,Electronics
Concentrix Corp,concentrix.com,9240875,Info and Comms,,Telecommunications,Call Centers & Business Centers
Dentsu Group Inc,group.dentsu.com,70061429,Business Services,,Marketing and Advertising,Advertising & Marketing
Merck KGaA,emdgroup.com,346303847,Construction and Engineering,,Chemicals,Pharmaceuticals
Thales Group,thalesgroup.com,143048837,Other Industries,,Defense & Space,Telecommunication Equipment
Howard Hughes Holdings Inc,howardhughes.com,348868436,Construction and Engineering,,Real Estate,Real Estate
Bristol-Myers Squibb Co,bms.com,12913103,Pharma,,Pharmaceuticals,Pharmaceuticals
HITT Contracting Inc,hitt.com,17842496,Construction and Engineering,,Construction,Commercial & Residential Construction
Schaeffler AG,schaeffler.com,181584218,Transportation,,Automotive,Industrial Machinery & Equipment
Shimadzu Corp,shimadzu.com,34783616,Pharma,,Biotechnology,Test & Measurement Equipment
E2 Optics LLC,e2optics.com,346295607,Construction and Engineering,,Construction,Commercial & Residential Construction
Aecom,aecom.com,1756285,Construction and Engineering,,Civil Engineering,"Architecture, Engineering & Design"
Eikon Therapeutics,eikontx.com,545738333,Pharma,,Biotechnology,Research & Development
Norton Healthcare,nortonhealthcare.com,105874019,Health Social Services,,Hospital & Health Care,Medical & Surgical Hospitals
Investors Management Corp,investorsmanagement.com,353634360,Construction and Engineering,,Real Estate,Investment Banking
Silver Lake Management LLC,silverlake.com,81166904,Finance,,Financial Services,Venture Capital & Private Equity
CenterPoint Energy Inc,centerpointenergy.com,22861087,Construction and Engineering,,Utilities,Holding Companies & Conglomerates
Space Exploration Technologies Corp,spacex.com,35881054,Transportation,,Airlines/Aviation,Aerospace & Defense
The MathWorks Inc,mathworks.com,56151640,Technology,,Computer Software,Engineering Software
Fresenius AG,fresenius.com,24365714,Health Social Services,,Hospital & Health Care,Holding Companies & Conglomerates
DPR Construction,dpr.com,11764424,Construction and Engineering,,Construction,Commercial & Residential Construction
Autodesk,autodesk.com,12999671,Technology,,Computer Software,Engineering Software
Ramp Business Corp,ramp.com,42402842,Technology,,Computer Software,Financial Software
Knapp Ag,knapp.com,104695425,Technology,,Computer Software,Industrial Machinery & Equipment
Regions Financial Corp,regions.com,230703538,Finance,,Financial Services,Banking
Rockstar Games,take2games.com,169705639,Technology,,Computer Software,"Multimedia, Games & Graphics Software"
Intuit Inc,intuit.com,20037711,Business Services,,Accounting,Financial Software
Cummins Inc,cummins.com,10190854,Transportation,,Automotive,Automotive Parts
Sony Corp,sony.net,35635890,Technology,,Consumer Electronics,Electronics
Mars Inc,mars.com,31655171,Retail and Wholesale,,Food & Beverages,Food & Beverage
Centene Corp,centene.com,7258303,Health Social Services,,Hospital & Health Care,Insurance
Roku Inc,roku.com,59884285,Technology,,Consumer Electronics,Broadcasting
CVS Health Corp,cvshealth.com,10256729,Drug Stores & Pharmacies,,Retail and Wholesale,Drug Stores & Pharmacies
Deutsche Post AG (DHL),group.dhl.com,81562845,Transportation,,Logistics and Supply Chain,Freight & Logistics Services
Bank of America Corp,bankofamerica.com,12161677,Finance,,Financial Services,Banking
Fiserv Inc,fiserv.com,14516709,Info and Comms,,Information Technology and Services,Financial Software
CBIZ Inc,cbiz.com,11421224,Business Services,,Accounting,Accounting Services
Truist Financial Corp,truist.com,353921135,Finance,,Financial Services,Banking
Mayo Clinic,mayoclinic.org,45957889,Health Social Services,,Hospital & Health Care,Medical & Surgical Hospitals
Telefonaktiebolaget LM Ericsson,ericsson.com,50040045,Info and Comms,,Telecommunications,Telecommunication Equipment
Mann+hummel,mann-hummel.com,72418607,Transportation,,Automotive,Automotive Parts
FUJIFILM Holdings Corp,holdings.fujifilm.com,97895912,Technology,,Consumer Electronics,Photographic & Optical Equipment
Bytedance Ltd,bytedance.com,446899847,Technology,,Internet,Social Networks
FedEx Corp,fedex.com,14155984,Transportation,,Logistics and Supply Chain,Freight & Logistics Services
ABM Industries Inc,abm.com,430983,Other Industries,,Facilities Services,Facilities Management & Commercial Cleaning
Mercedes-Benz Group AG,mercedes-benz.com,563537361,Transportation,,Automotive,Motor Vehicles
T-Mobile,telekom.com,28117851,Info and Comms,,Telecommunications,Telephony & Wireless
Diageo PLC,diageo.com,11207159,Retail and Wholesale,,Food & Beverages,Food & Beverage
ASML Holding NV,asml.com,2982389,Technology,,Computer Hardware,Electronics
TJX Companies,tjx.com,74203899,Retail and Wholesale,,Retail,Apparel & Accessories Retail
H&M Group,hmgroup.com,127648898,Retail and Wholesale,,Retail,Apparel & Accessories Retail
Albertsons Companies,albertsonscompanies.com,1114181,Retail and Wholesale,,Retail,Grocery Retail
Accenture,accenture.com,246280,Info and Comms,,Information Technology and Services,Custom Software & IT Services
XPO Logistics,xpo.com,348205593,Transportation,,Transportation/Trucking/Railroad,Freight & Logistics Services
Stellantis,stellantis.com,528063720,Transportation,,Automotive,Motor Vehicles
Boeing Co,boeing.com,5128546,Transportation,,Airlines/Aviation,Aerospace & Defense
Rexel USA,rexel.com,6701593,Construction and Engineering,,Electrical/Electronic Manufacturing,Home Improvement & Hardware Retail
LabCorp,labcorp.com,21938661,Health Social Services,,Hospital & Health Care,Medical Laboratories & Imaging Centers
Walgreens,walgreensbootsalliance.com,368437862,Retail and Wholesale,,Retail,Holding Companies & Conglomerates
Melrose Industries PLC,melroseplc.net,345301444,Finance,,Financial Services,Aerospace & Defense
Procter & Gamble,us.pg.com,31359002,Retail and Wholesale,,Consumer Goods,"Cosmetics, Beauty Supply & Personal Care Products"
First Citizens Bank,firstcitizens.com,14434948,Finance,,Financial Services,Banking
Warner Bros Discovery,wbd.com,564815723,Rec and Arts,,Media and Entertainment,Broadcasting
RTX Corp (Raytheon),rtx.com,60310227,Transportation,,Airlines/Aviation,Aerospace & Defense
Securitas AB,securitas.com,66569109,Business Services,,Security and Investigations,Security Products & Services
Cigna Group,cigna.com,8110814,Finance,,Insurance,Insurance
OpenAI,openai.com,414124033,Info and Comms,,Information Technology and Services,Research & Development
Eversheds Sutherland,eversheds-sutherland.com,380703418,Business Services,,Legal Services,Accounting Services
American Airlines Group,aa.com,7917797,Transportation,,Airlines/Aviation,"Airlines, Airports & Air Services"
SS&C Technologies Inc,ssctech.com,112951694,Technology,,Computer Software,Financial Software
GEODIS,geodis.com,117638977,Transportation,,Transportation/Trucking/Railroad,Freight & Logistics Services
PetSmart,petsmart.com,30229197,Retail and Wholesale,,Retail,Pet Products
Pratt & Whitney,prattwhitney.com,426554757,Transportation,,Airlines/Aviation,Aerospace & Defense
Q2 Holdings,q2.com,118899830,Technology,,Computer Software,Financial Software
Burns & McDonnell,burnsmcd.com,35458479,Business Services,,Management Consulting,"Architecture, Engineering & Design"
Marmaxx Operating Corp,tjmaxx.tjx.com,1109651810,Retail and Wholesale,,Apparel & Fashion,Apparel & Accessories Retail
MITRE Corp,mitre.org,25248427,Info and Comms,,Information Technology and Services,Research & Development
The Capital Group Companies Inc,capgroup.com,6685117,Finance,,Financial Services,Investment Banking
Wpp PLC,wpp.com,106725443,Business Services,,Marketing and Advertising,Holding Companies & Conglomerates
HP Inc,hp.com,45992365,Info and Comms,,Information Technology and Services,Computer Equipment & Peripherals
Microsoft Corp,microsoft.com,24904409,Technology,,Computer Software,Storage & System Management Software
Cisco Systems Inc,cisco.com,13207636,Technology,,Computer Network & Security,Telecommunication Equipment
Marsh & McLennan Companies,marshmac.com,70550662,Finance,,Insurance,Insurance
Mastercard International Inc,mastercard.com,66421453,Info and Comms,,Information Technology and Services,Credit Cards & Transaction Processing
Wells Fargo & Co,wellsfargo.com,6652229,Finance,Banking,Financial Services,Management Consulting
ServiceNow Inc,servicenow.com,45662682,Technology,,Computer Software,Content & Collaboration Software
Boston Consulting Group Inc,bcg.com,39783898,Business Services,,Management Consulting,Management Consulting
Gartner Inc,gartner.com,15630407,Info and Comms,,Information Technology and Services,Management Consulting
GE Aerospace,geaerospace.com,566135773,Transportation,,Airlines/Aviation,Aerospace & Defense
Apple Inc,apple.com,2441797,Technology,,Consumer Electronics,Enterprise Resource Planning (ERP) Software
Penske Corporation Inc,penske.com,30048670,Transportation,,Automotive,Holding Companies & Conglomerates
Charles Schwab Corp,schwab.com,154239344,Finance,,Financial Services,Lending & Brokerage
Carvana Co,carvana.com,358707387,Transportation,,Automotive,Automobile Dealers
Leidos Holdings Inc,leidos.com,357396852,Info and Comms,,Information Technology and Services,Custom Software & IT Services
Williams-Sonoma Inc,williams-sonomainc.com,124404507,Retail and Wholesale,,Retail,Furniture
Wells Fargo Clearing Services LLC,wellsfargoadvisors.com,345798465,Finance,,Financial Services,Investment Banking
UBS Group AG,ubs.com,123355319,Finance,,Financial Services,Investment Banking
American Automobile Association Inc,aaa.com,123013,Health Social Services,,Consumer Services,Membership Organizations
Hitachi Ltd,hitachi.com,55727016,Construction and Engineering,,Electrical/Electronic Manufacturing,Industrial Machinery & Equipment
Organon & Co,organon.com,29147486,Pharma,Pharmaceuticals,Pharmaceuticals,Pharmaceuticals
Safran SA,safran-group.com,104595788,Other Industries,,Defense & Space,Aerospace & Defense
Texas Medical Center,tmc.edu,78528747,Health Social Services,,Hospital & Health Care,Medical & Surgical Hospitals
Cerberus Capital Management LP,cerberus.com,7488017,Finance,,Financial Services,Venture Capital & Private Equity
ExperianPLC,experianplc.com,13647892,Finance,,Financial Services,Custom Software & IT Services
Aon PLC,aon.com,2375703,Finance,,Insurance,Insurance
Cemex,cemex.com,30625241,Construction and Engineering,,Building Materials,Building Materials
Trinity Broadcasting Network,tbn.org,38912268,Rec and Arts,,Media and Entertainment,Broadcasting
Mavis Tire Supply LLC,mavistire.com,343831604,Transportation,,Automotive,Automobile Parts Stores
Visa Inc,usa.visa.com,41058369,Finance,,Financial Services,Credit Cards & Transaction Processing
Intermountain Healthcare,intermountainhealthcare.org,5182233,Health Social Services,,Hospital & Health Care,Medical & Surgical Hospitals
AbbVie Inc,abbvie.com,356818961,Pharma,,Pharmaceuticals,Pharmaceuticals
James Hardie Building Products Inc,jameshardiepros.com,461304895,Construction and Engineering,,Building Materials,Building Materials
Holder Construction Group LLC,holderconstruction.com,55938229,Construction and Engineering,Commercial & Residential Construction,Construction,Commercial & Residential Construction
Rocket Companies Inc,rocketcompanies.com,363349181,Finance,,Financial Services,Lending & Brokerage
Hackensack Meridian Health Inc,hackensackmeridianhealth.org,510971116,Health Social Services,,Hospital & Health Care,Medical & Surgical Hospitals
Madison Industries,madison.net,64980653,Finance,,Financial Services,Holding Companies & Conglomerates
Schweitzer Engineering Laboratories Inc,selinc.com,106153242,Construction and Engineering,,Electrical/Electronic Manufacturing,Industrial Machinery & Equipment
Toshiba,global.toshiba,343359857,Construction and Engineering,Technology,Electrical/Electronic Manufacturing,Electronics
MegaChips Corp,megachips.co.jp,44401919,Technology,,Computer Hardware,Electronics
Dorf Ketal Chemicals LLC,dorfketal.com,35968432,Construction and Engineering,,Chemicals,Chemicals & Related Products
Rivian,rivian.com,355273155,Transportation,,Automotive,Motor Vehicles
MSC Mediterranean Shipping Company SA,msc.com,25788563,Other Industries,,Maritime,Marine Shipping & Transportation
Mazda Motor Corp,mazda.com,24133674,Transportation,,Automotive,Motor Vehicles
VillageMD,villagemd.com,359766016,Health Social Services,,Hospital & Health Care,Management Consulting
Coca-Cola Consolidated,cokeconsolidated.com,63293958,Retail and Wholesale,,Food & Beverages,Food & Beverage
World Class Distribution,wcdinc.net,62832769,Health Social Services,,Hospital & Health Care,Medical & Surgical Hospitals
Seismic Software Holdings Inc,seismic.com,346238337,Technology,,Computer Software,Customer Relationship Management (CRM) Software
Foley & Lardner LLP,foley.com,43698464,Business Services,,Legal Services,Law Firms & Legal Services
Insulet Corp,insulet.com,19448528,Pharma,,Medical Devices,Medical Devices & Equipment
Macy's Inc,macysinc.com,23445590,Retail and Wholesale,,Retail,"Department Stores, Shopping Centers & Superstores"
Duke Energy Corp,duke-energy.com,45320141,Construction and Engineering,,Utilities,"Electricity, Oil & Gas"
Advanced Pain Care,austinpaindoctor.com,346940963,Health Social Services,,Hospital & Health Care,Medical Specialists
Marriott International Inc,marriott.com,8590337,Business Services,,Hospitality,Lodging & Resorts
Bp PLC,bp.com,5358630,Construction and Engineering,,Oil & Energy,Oil & Gas Exploration & Services
Ferrero,ferrero.com,44453271,Retail and Wholesale,,Food & Beverages,Food & Beverage
Citadel Enterprise Americas LLC,citadel.com,16092218,Finance,,Financial Services,Investment Banking
Booz Allen Hamilton Inc,boozallen.com,38720890,Business Services,,Management Consulting,Management Consulting
BJC HealthCare,bjc.org,15191640,Health Social Services,,Hospital & Health Care,Medical & Surgical Hospitals
Fifth Third Bancorp,53.com,26003706,Finance,,Financial Services,Banking
Bausch Health Companies Inc,bauschhealth.com,40551429,Pharma,,Pharmaceuticals,Pharmaceuticals
DaVita Inc,davita.com,23776193,Health Social Services,,Hospital & Health Care,Medical Specialists
Mubadala Investment Co,mubadala.com,60343055,Finance,,Financial Services,Investment Banking
Deere & Co,deere.com,10814149,Construction and Engineering,,Machinery,Industrial Machinery & Equipment
FirstService Corp,fsvbrands.com,14516399,Construction and Engineering,,Real Estate,Holding Companies & Conglomerates
Marubeni Corp,marubeni.com,74876110,Business Services,,International Trade and Development,Holding Companies & Conglomerates
goPuff,gopuff.com,358896585,Retail and Wholesale,,Retail,"Convenience Stores, Gas Stations & Liquor Stores"
Us Air Force,af.mil,345773737,Other Industries,,Military,Federal
The Progressive Corp,progressive.com,50103236,Finance,,Insurance,Insurance
The Goldman Sachs Group Inc,goldmansachs.com,49744985,Finance,,Financial Services,Investment Banking
Ferring Pharmaceuticals,ferring.com,59871395,Pharma,,Pharmaceuticals,Pharmaceuticals
Sarepta Therapeutics Inc,sarepta.com,348777344,Pharma,,Biotechnology,Pharmaceuticals
Simpson Thacher & Bartlett LLP,stblaw.com,92832084,Business Services,,Legal Services,Law Firms & Legal Services
Reputation.com Inc,reputation.com,345018708,Technology,,Computer Software,Customer Relationship Management (CRM) Software
MedStar Health,medstarhealth.org,372836681,Health Social Services,,Hospital & Health Care,Medical & Surgical Hospitals
Natera Inc,natera.com,345604216,Pharma,,Biotechnology,Research & Development
Biocon Ltd,biocon.com,4735609,Pharma,,Biotechnology,Pharmaceuticals
Stack Infrastructure,stackinfra.com,464273845,Info and Comms,,Information Technology and Services,Custom Software & IT Services
Vista Equity Partners Management LLC,vistaequitypartners.com,127893751,Finance,,Financial Services,Venture Capital & Private Equity
Cincinnati Reds,reds.com,22745331,Rec and Arts,,Sports,Sports Teams & Leagues
Davis Enterprises,isn.com,372437724,Construction and Engineering,,Oil & Energy,Supply Chain Management (SCM) Software
International Business Machines Corp (IBM),ibm.com,18579882,Info and Comms,,Information Technology and Services,Custom Software & IT Services
The Walt Disney Co,thewaltdisneycompany.com,345542499,Rec and Arts,,Media and Entertainment,Broadcasting
Bain & Company Inc,bain.com,3769478,Business Services,,Management Consulting,Management Consulting
Alphabet Inc,abc.xyz,459073254,Info and Comms,,Information Technology and Services,Data Collection & Internet Portals
Cargurus Inc,cargurus.com,9176186,Transportation,,Automotive,Data Collection & Internet Portals
AT&T Inc,att.com,3194954,Info and Comms,,Telecommunications,Telephony & Wireless
Capital One Financial Corp,capitalone.com,9012358,Finance,,Financial Services,Banking
Bdo Usa LLP,bdo.com,346481142,Business Services,,Accounting,Accounting Services
Meta Platforms,meta.com,559324152,Other Industries,,Restaurants,Social Networks
Fidelity National Information Services Inc,fisglobal.com,106138232,Finance,,Financial Services,Custom Software & IT Services
The Kroger Co,kroger.com,32589349,Retail and Wholesale,,Retail,"Department Stores, Shopping Centers & Superstores"
The Gap Inc,gap.com,18633856,Retail and Wholesale,,Apparel & Fashion,Apparel & Accessories Retail
Colgate-Palmolive Co,colgatepalmolive.com,24431896,Retail and Wholesale,,Consumer Goods,"Cosmetics, Beauty Supply & Personal Care Products"
DLA Piper LLP,dlapiper.com,11519296,Business Services,,Legal Services,Law Firms & Legal Services
McKinsey & Co,mckinsey.com,24232221,Business Services,,Management Consulting,Management Consulting
Veeva Systems Inc,veeva.com,352324273,Technology,,Computer Software,Healthcare Software
Wynn Resorts Ltd,wynnresorts.com,113426453,Rec and Arts,,Gambling & Casinos,Gambling & Gaming
Waystar,waystar.com,449910266,Technology,,Computer Software,Healthcare Software
OneStream Inc,onestream.com,345608817,Technology,,Computer Software,Financial Software
Citigroup Inc,citigroup.com,8224889,Finance,Banking,Financial Services,Banking
Cornerstone Research,cornerstone.com,69913262,Business Services,,Management Consulting,K-12 Schools
Airbus SAS,airbus.com,934312,Transportation,,Airlines/Aviation,Aerospace & Defense
Comcast Corp,corporate.comcast.com,8929846,Rec and Arts,,Media and Entertainment,"Internet Service Providers, Website Hosting & Internet-related Services"
Syneos Health,syneoshealth.com,438708188,Business Services,,Management Consulting,Research & Development
Health Care Service Corp,hcsc.com,54315549,Finance,,Insurance,Insurance
LOr�al SA,loreal.com,51070185,Retail and Wholesale,,Cosmetics,"Cosmetics, Beauty Supply & Personal Care Products"
Nestl�,nestle.com,114017025,Retail and Wholesale,,Food & Beverages,Food & Beverage
Skydance Media,skydance.com,208961911,Rec and Arts,,Media and Entertainment,Broadcasting
Ascension Health Alliance,healthcare.ascension.org,3834943,Health Social Services,,Hospital & Health Care,Medical & Surgical Hospitals
GE HealthCare Technologies Inc,gehealthcare.com,66029412,Business Services,,Management Consulting,Medical Devices & Equipment
LCMC Health Holdings Inc,lcmchealth.org,359392960,Health Social Services,,Hospital & Health Care,Medical & Surgical Hospitals
American Express Banking Corp,americanexpress.com,1720519,Finance,,Financial Services,Credit Cards & Transaction Processing
Endeavor Operating Company LLC,endeavorco.com,25217847,Rec and Arts,,Media and Entertainment,Management Consulting
Advance Auto Parts Inc,shop.advanceautoparts.com,1478574,Retail and Wholesale,,Retail,Automobile Parts Stores
Snowflake Inc,snowflake.com,367752085,Info and Comms,,Information Technology and Services,Database & File Management Software
Raymond James Financial Inc,raymondjames.com,100025417,Finance,,Financial Services,Investment Banking
S&P Global Inc,spglobal.com,374265599,Info and Comms,,Information Technology and Services,Custom Software & IT Services
Otto Group,ottogroup.com,109511106,Retail and Wholesale,,Retail,"Department Stores, Shopping Centers & Superstores"
Walmart Inc,corporate.walmart.com,155353090,Retail and Wholesale,,Retail,"Department Stores, Shopping Centers & Superstores"
Tyler Technologies Inc,tylertech.com,165494864,Technology,,Computer Software,Enterprise Resource Planning (ERP) Software
L3Harris Technologies Inc,l3harris.com,491442528,Transportation,,Airlines/Aviation,Telecommunication Equipment
Plante & Moran PLLC,plantemoran.com,76481669,Business Services,,Accounting,Accounting Services
Carrier HVAC,carrier.com/commercial/en/uk,3506262,Construction and Engineering,,Construction,Industrial Machinery & Equipment
TDK Corp,tdk.com,37618128,Construction and Engineering,,Electrical/Electronic Manufacturing,Electronics
Arthur J Gallagher & Co,ajg.com,12422164,Finance,,Insurance,Insurance
HCL Enterprise,hcl.com,60720958,Technology,,Computer Software,Holding Companies & Conglomerates
Universal Health Services,uhs.com,39977791,Health Social Services,,Hospital & Health Care,Medical & Surgical Hospitals
Global Payments Inc,globalpayments.com,16154796,Finance,,Financial Services,Financial Software
Engie SA,engie.com,359046869,Construction and Engineering,,Utilities,"Electricity, Oil & Gas"
Roche,roche.com,7884838,Pharma,,Pharmaceuticals,Pharmaceuticals
Reyes Holdings LLC,reyesholdings.com,81789264,Retail and Wholesale,Food & Beverage,Food & Beverages,Holding Companies & Conglomerates
Lactalis Group,lactalis.com,48678520,Retail and Wholesale,,Food & Beverages,Food & Beverage
PTC Inc,ptc.com,41239285,Pharma,,Biotechnology,Engineering Software
Freudenberg SE,freudenberg.com,111232765,Finance,,Financial Services,Holding Companies & Conglomerates
Zurich Insurance Group Ltd,zurich.com,208371754,Finance,,Insurance,Insurance
Ecolab Inc,ecolab.com,12337715,Construction and Engineering,,Chemicals,Cleaning Products
Cboe,cboe.com,19859977,Finance,,Financial Services,Lending & Brokerage
Kaiser,healthy.kaiserpermanente.org,30147212,Health Social Services,,Hospital & Health Care,Insurance
Mass General Brigham Inc,massgeneralbrigham.org,484031552,Health Social Services,,Hospital & Health Care,Medical & Surgical Hospitals
Holcim Ltd,holcim.com,17892070,Construction and Engineering,,Building Materials,Building Materials
ORIX Corp,orix.co.jp,122274388,Finance,,Financial Services,Holding Companies & Conglomerates
NCR Atleos Corp,ncr.com,27017272,Info and Comms,,Information Technology and Services,Financial Software
BrightSpring Health Services Inc,pharmerica.com,52806442,Pharma,,Pharmaceuticals,Drug Stores & Pharmacies
CACI International Inc,caci.com,11126273,Other Industries,,Defense & Space,Custom Software & IT Services
Gilead Sciences Inc,gilead.com,49958972,Pharma,,Biotechnology,Pharmaceuticals
CRISPR Therapeutics,crisprtx.com,359720831,Pharma,,Biotechnology,Pharmaceuticals
Navy Federal Credit Union,navyfederal.org,101073807,Finance,,Financial Services,Banking
Boehringer Ingelheim,boehringer-ingelheim.com,15896733,Pharma,,Pharmaceuticals,Pharmaceuticals
Ardelyx Inc,ardelyx.com,350662778,Pharma,,Biotechnology,Pharmaceuticals
Cushman & Wakefield,cushmanwakefield.com,40621561,Construction and Engineering,,Real Estate,Real Estate
Lennar Corp,lennarinternational.com,22446559,Construction and Engineering,,Real Estate,Commercial & Residential Construction
Flexential Corp,flexential.com,440804842,Info and Comms,,Information Technology and Services,Custom Software & IT Services
IQVIA Inc,iqvia.com,433071478,Pharma,,Pharmaceuticals,Research & Development
NRG Energy Inc,nrg.com,87820582,Construction and Engineering,,Oil & Energy,"Electricity, Oil & Gas"
Atlantic Media Inc,atlanticmedia.com,13490243,Info and Comms,,Publishing,Publishing
Colliers International Group Inc,colliers.com,12042840,Construction and Engineering,,Real Estate,Real Estate
HCA Healthcare Inc,hcahealthcare.com,19497480,Health Social Services,,Hospital & Health Care,Medical & Surgical Hospitals
Niantic Inc,nianticlabs.com,354646112,Technology,,Computer Software,"Multimedia, Games & Graphics Software"
DR Horton Inc,drhorton.com,32919206,Construction and Engineering,,Construction,Commercial & Residential Construction
TEGNA Inc,tegna.com,369743604,Rec and Arts,,Media and Entertainment,Broadcasting
WillowTree Inc,willowtreeapps.com,346637484,Technology,,Computer Software,Mobile App Development
Kiewit Corp,kiewit.com,6178232,Construction and Engineering,,Construction,Civil Engineering Construction
Arup,arup.com,2867538,Construction and Engineering,,Construction,"Architecture, Engineering & Design"
News Corp,newscorp.com,27574340,Rec and Arts,,Media and Entertainment,Newspapers & News Services
Xometry Inc,xometry.com,371661859,Info and Comms,,Information Technology and Services,Supply Chain Management (SCM) Software
Orsted,orsted.com,357017070,Construction and Engineering,,Oil & Energy,"Electricity, Oil & Gas"
SeatGeek,seatgeek.com,353837064,Technology,,Internet,Data Collection & Internet Portals
Merlin Entertainments,merlinentertainments.biz,77038759,Rec and Arts,,Media and Entertainment,"Amusement Parks, Arcades & Attractions"
Hilton Grand Vacations Inc,hiltongrandvacations.com,74925543,Rec and Arts,Hospitality,Gambling & Casinos,Lodging & Resorts
Republic Services Inc,republicservices.com,19515414,Construction and Engineering,,Environmental Services,"Waste Treatment, Environmental Services & Recycling"
International Game Technology PLC,igt.com,24954040,Rec and Arts,,Gambling & Casinos,Holding Companies & Conglomerates
HDR Inc,hdrinc.com,17383960,Construction and Engineering,,Architecture & Planning,"Architecture, Engineering & Design"
Guitar Center Inc,guitarcenter.com,41851122,Rec and Arts,,Media and Entertainment,"Flowers, Gifts & Specialty Stores"
REMAX LLC,remax.com,14631787,Construction and Engineering,,Real Estate,Real Estate
Skanska Group AB,group.skanska.com,16449935,Construction and Engineering,,Construction,Commercial & Residential Construction
Boston Redsox,mlb.com/redsox,14307032,Rec and Arts,,Sports,Sports Teams & Leagues
Bechtel Corp,bechtel.com,13323219,Construction and Engineering,,Construction,Civil Engineering Construction
Center for Justice Innovation,courtinnovation.org,398218261,Health Social Services,,Nonprofit Organizations,Non-Profit & Charitable Organizations
Cystic Fibrosis Foundation,cff.org,23681981,Health Social Services,,Nonprofit Organizations,Non-Profit & Charitable Organizations
Hensel Phelps Construction Co,henselphelps.com,17596693,Construction and Engineering,,Construction,Commercial & Residential Construction
Berkshire Hathaway Inc,berkshirehathaway.com,12324406,Finance,Other,Insurance,Holding Companies & Conglomerates
Lvmh,lvmh.com,23298089,Retail and Wholesale,Retail,Luxury Goods & Jewelry,Holding Companies & Conglomerates
Publicis Groupe,publicisgroupe.com,98452196,Business Services,,Marketing and Advertising,Advertising & Marketing
The Estee Lauder Companies Inc,elcompanies.com,13337331,Retail and Wholesale,,Cosmetics,"Cosmetics, Beauty Supply & Personal Care Products"
Amdocs Ltd,amdocs.com,2540471,Technology,,Computer Software,Custom Software & IT Services
Willis Towers Watson,wtwco.com,563191574,Finance,Insurance,Insurance,Management Consulting
Grant Thornton LLP,grantthornton.com,51711289,Business Services,Finance,Accounting,Accounting Services
Genpact,genpact.com,59557563,Info and Comms,Consulting,Information Technology and Services,Custom Software & IT Services
Dole PLC,doleplc.com,552919502,Retail and Wholesale,,Food & Beverages,Grocery Retail
Barclays PLC,home.barclays,7769280,Finance,,Financial Services,Banking
Mitsubishi UFJ Financial Group Inc,mufg.jp,356457067,Finance,,Financial Services,Banking
Lineage Inc,onelineage.com,348124579,Retail and Wholesale,,Warehousing,Freight & Logistics Services
Cognizant,cognizant.com,15877691,Info and Comms,Consulting,Information Technology and Services,Custom Software & IT Services
Harbor Freight Tools,harborfreight.com,50726356,Retail and Wholesale,,Retail,Home Improvement & Hardware Retail
Amcor PLC,amcor.com,4180140,Retail and Wholesale,Manufacturing,Packaging and Containers,Pulp & Paper
The Bank of New York Mellon Corp,bnymellon.com,5194584,Finance,,Financial Services,Banking
PricewaterhouseCoopers (PwC) LLP,pwc.com,31703731,Business Services,,Management Consulting,Accounting Services
Brookfield Asset Management Inc,brookfield.com,15354702,Finance,,Financial Services,Restaurants
Wayfair Inc,wayfair.com,345620672,Retail and Wholesale,Retail,Furniture,Furniture
CarMax Inc,carmax.com,6833097,Transportation,Transportation,Automotive,Automobile Dealers
Amazon,amazon.com,1475361,Technology,,Internet,"Department Stores, Shopping Centers & Superstores"
Cargill Inc,cargill.com,21403020,Retail and Wholesale,,Food & Beverages,Food & Beverage
Bloomberg LP,bloomberg.com,18796172,Finance,,Financial Services,Data Collection & Internet Portals
Linde PLC,linde.com,69502996,Construction and Engineering,,Chemicals,Chemicals & Related Products
LIXIL Corp,lixil.com,359064659,Construction and Engineering,,Building Materials,Building Materials
Medtronic PLC,medtronic.com,76449262,Pharma,,Medical Devices,Medical Devices & Equipment
Baxter International Inc,baxter.com,14946173,Pharma,,Medical Devices,Pharmaceuticals
BMW Group,bmwgroup.com,4128842,Transportation,,Automotive,Motor Vehicles
Merck,msd.com,24576142,Pharma,,Pharmaceuticals,Pharmaceuticals
Grupo Bimbo,grupobimbo.com,346179768,Retail and Wholesale,,Food & Beverages,Food & Beverage
Triumph Financial Inc,tfin.com,566134666,Finance,,Financial Services,Banking
CJ Co Ltd,cj.net,25676154,Retail and Wholesale,,Food & Beverages,Holding Companies & Conglomerates
Markel Group Inc,markel.com,23823763,Finance,,Insurance,Insurance
Keralty,keralty.com,451640849,Health Social Services,,Hospital & Health Care,Insurance
Synchrony Financial,synchrony.com,371987680,Finance,,Financial Services,Credit Cards & Transaction Processing
USAA,usaa.com,40403053,Finance,,Financial Services,Insurance
Cooley LLP,cooley.com,9535614,Business Services,,Legal Services,Law Firms & Legal Services
Sempra Energy,sempra.com,94880295,Construction and Engineering,,Utilities,"Electricity, Oil & Gas"
Micron Technology Inc,micron.com,90883103,Technology,,Computer Hardware,Electronics
Galderma SA,galderma.com,47320070,Pharma,,Pharmaceuticals,Pharmaceuticals
Teledyne Technologies Inc,teledyne.com,558744880,Other Industries,,Defense & Space,Electronics
Fluor Corp,fluor.com,14713364,Construction and Engineering,,Construction,"Architecture, Engineering & Design"
Goodwin Procter LLP,goodwinlaw.com,38358531,Business Services,,Legal Services,Law Firms & Legal Services
Fashion Nova,fashionnova.com,357869183,Retail and Wholesale,,Retail,Apparel & Accessories Retail
Guardant Health Inc,guardanthealth.com,357382832,Pharma,,Biotechnology,Medical Laboratories & Imaging Centers
Pillar Clinical Research LLC,pillarcr.com,353617210,Health Social Services,,Hospital & Health Care,Research & Development
Slalom Inc,slalom.com,256230151,Business Services,,Management Consulting,Management Consulting
AposHealth Group Companies,aposhealth.com,558016395,Pharma,,Medical Devices,Mental Health & Rehabilitation Facilities
Kohlberg Kravis Roberts & Co LP,kkr.com,21594456,Finance,,Financial Services,Venture Capital & Private Equity
Advanced Micro Devices Inc,amd.com,1507503,Technology,,Computer Hardware,Electronics
General Dynamics Corp,gd.com,15712356,Other Industries,,Defense & Space,Aerospace & Defense
Eide Bailly LLP,eidebailly.com,22972524,Business Services,,Accounting,Accounting Services
Upgrade Inc,upgrade.com,400783391,Finance,Finance,Financial Services,Banking
Intrado Corp,intrado.com,20021426,Info and Comms,,Telecommunications,Custom Software & IT Services
Clayton Dubilier & Rice LLC,cdr-inc.com,21318027,Finance,,Financial Services,Venture Capital & Private Equity
AeroVironment Inc,avinc.com,3295875,Transportation,,Airlines/Aviation,Aerospace & Defense
LifePoint Health Inc,lifepointhealth.net,69256319,Health Social Services,,Hospital & Health Care,Medical & Surgical Hospitals
Agilent Technologies Inc,agilent.com,1967478,Pharma,,Biotechnology,Test & Measurement Equipment
Dollar Tree Inc,dollartree.com,29330409,Retail and Wholesale,,Wholesale,"Department Stores, Shopping Centers & Superstores"
Uline,uline.com,39338503,Retail and Wholesale,,Packaging and Containers,Office Products Retail & Distribution
NICE Ltd,nice.com,81363841,Technology,Technology,Computer Software,Business Intelligence (BI) Software
Energy Transfer LP,energytransfer.com,34818453,Construction and Engineering,,Oil & Energy,"Electricity, Oil & Gas"
Hewlett Packard Enterprise Co,hpe.com,34687140,Technology,,Computer Hardware,Computer Equipment & Peripherals
AppFolio Inc,appfolio.com,145359717,Technology,,Computer Software,Enterprise Resource Planning (ERP) Software
Zscaler Inc,zscaler.com,346960592,Technology,,Computer Network & Security,Security Software
Zillow Group Inc,zillowgroup.com,346356055,Construction and Engineering,,Real Estate,Real Estate
Zendesk Inc,zendesk.com,351224460,Technology,,Computer Software,Customer Relationship Management (CRM) Software
Twist Bioscience Corp,twistbioscience.com,358293699,Pharma,,Biotechnology,Pharmaceuticals
Polsinelli LLP,polsinelli.com,156565785,Business Services,,Legal Services,Law Firms & Legal Services
PCL Constructors Inc,pcl.com,79069925,Construction and Engineering,,Construction,Commercial & Residential Construction
Axsome Therapeutics Inc,axsome.com,359100902,Pharma,,Biotechnology,Pharmaceuticals
Feld Entertainment Inc,feldentertainment.com,37833331,Rec and Arts,,Media and Entertainment,Non-Profit & Charitable Organizations
Davis Wright Tremaine LLP,dwt.com,19434621,Business Services,,Legal Services,Law Firms & Legal Services
Cynosure Inc,cynosure.com,10338587,Pharma,,Medical Devices,Medical Devices & Equipment
Russell Reynolds Associates Inc,russellreynolds.com,104104495,Business Services,,Management Consulting,Management Consulting
Grifols International SA,grifols.com,16778315,Pharma,,Biotechnology,Blood & Organ Banks
Savannah Bananas,thesavannahbananas.com,372361897,Rec and Arts,,Sports,Sports Teams & Leagues
The Charlotte Football Club Inc,charlottefootballclub.com,482914563,Rec and Arts,,Sports,Sports Teams & Leagues
"Anthropic, Pbc",anthropic.com,546195556,Technology,,Computer Software,Research & Development
California Nurses Association,calnurses.org,1152295200,Health Social Services,,Hospital & Health Care,Membership Organizations
Baltimore Orioles,mlb.com/orioles,13996461,Rec and Arts,,Sports,Sports Teams & Leagues
Samsung Electronics Co,samsung.com,141738322,Technology,,Consumer Electronics,Telecommunication Equipment
Toyota Industries Corp,toyota-industries.com,120635751,Transportation,,Automotive,Motor Vehicles
The Coca-Cola Co,coca-colacompany.com,36143134,Retail and Wholesale,,Food & Beverages,Food & Beverage
HRL Laboratories LLC,hrl.com,1114498523,Other Industries,,Research,Research & Development
Humana Inc,humana.com,18415727,Finance,,Insurance,Insurance
Abbott Laboratories,abbott.com,266727,Health Social Services,,Hospital & Health Care,Pharmaceuticals
Tesla Inc,tesla.com,104333869,Transportation,,Automotive,Motor Vehicles
UnitedHealth Group,unitedhealthgroup.com,39600454,Health Social Services,,Hospital & Health Care,Insurance
UPS,ups.com,40059389,Transportation,,Logistics and Supply Chain,Freight & Logistics Services
Elevance Health Inc,elevancehealth.com,565990300,Finance,,Insurance,Insurance
RELX Group PLC,relx.com,75056015,Info and Comms,,Publishing,Publishing
eBay Inc,ebaystores.at,12272288,Technology,,Internet,Auctions
Ares Management Corp,aresmgmt.com,9506738,Finance,,Financial Services,Venture Capital & Private Equity
Urban Outfitters Inc,urbanoutfitters.com,40091922,Retail and Wholesale,,Apparel & Fashion,"Department Stores, Shopping Centers & Superstores"
Ford Motor Co,ford.com,43897815,Transportation,,Automotive,Motor Vehicles
Capgemini,capgemini.com,20912044,Info and Comms,,Information Technology and Services,Custom Software & IT Services
Archer-Daniels-Midland Co,adm.com,1461214,Retail and Wholesale,,Food & Beverages,Food & Beverage
United Airlines Inc,united.com,39584392,Transportation,,Airlines/Aviation,"Airlines, Airports & Air Services"
West Monroe Partners LLC,westmonroe.com,41894604,Business Services,,Management Consulting,Management Consulting
NTT Corp,global.ntt,27754840,Info and Comms,,Telecommunications,Cable & Satellite
Southwest Airlines Co,southwest.com,128860355,Transportation,,Airlines/Aviation,"Airlines, Airports & Air Services"
Ironclad Inc,ironcladapp.com,369427080,Technology,,Computer Software,Legal Software
Blue Origin LLC,blueorigin.com,5013709,Transportation,,Airlines/Aviation,Aerospace & Defense
Clayco Inc,claycorp.com,11273504,Construction and Engineering,,Construction,Commercial & Residential Construction
Sumitomo Chemical,sumitomo-chem.co.jp,188547259,Construction and Engineering,,Chemicals,Chemicals & Related Products
Broadcom Inc,broadcom.com,5619763,Construction and Engineering,,Electrical/Electronic Manufacturing,Electronics
Procore Technologies Inc,procore.com,72582264,Technology,,Computer Software,Enterprise Resource Planning (ERP) Software
Cardinal Health Inc,cardinalhealth.com,4276923,Health Social Services,,Hospital & Health Care,Drug Stores & Pharmacies
Amphenol Corp,technology.amphenol-auto.com,3196341,Construction and Engineering,,Electrical/Electronic Manufacturing,Electronics
Bayer AG,bayer.com,4128773,Pharma,,Pharmaceuticals,Pharmaceuticals
Entergy Corp,entergy.com,13025630,Construction and Engineering,,Utilities,"Electricity, Oil & Gas"
Assa Abloy AB,assaabloy.com,8835451,Construction and Engineering,,Industrial Automation,Industrial Machinery & Equipment
Asahi Kasei Corp,asahi-kasei.com,16421187,Construction and Engineering,,Chemicals,Chemicals & Related Products
Asbury Automotive Group Inc,asburyauto.com,10259890,Transportation,,Automotive,Automobile Dealers
Wipro Ltd,wipro.com,116424706,Info and Comms,,Information Technology and Services,Custom Software & IT Services
Peak6 Investments LLC,peak6.com,52200426,Finance,,Financial Services,Lending & Brokerage
Bertelsmann SE & Co KGaA,bertelsmann.com,4473975,Rec and Arts,,Media and Entertainment,Custom Software & IT Services
Orbia Advance Corporation SAB de CV,orbia.com,474402858,Construction and Engineering,,Utilities,"Plastic, Packaging & Containers"
The Hartford Financial Services Group Inc,thehartford.com,22922051,Finance,,Financial Services,Insurance
Saudi Arabian Oil Group,aramco.com,2555990,Construction and Engineering,,Oil & Energy,Oil & Gas Exploration & Services
Michelin,michelin.com,93505925,Transportation,,Automotive,Tires & Rubber
JP Morgan Chase & Co,jpmorganchase.com,12227700,Finance,,Financial Services,Banking
Ricoh Company Ltd,ricoh.com,32834438,Retail and Wholesale,,Business Supplies and Equipment,Custom Software & IT Services
Moss Adams LLP,mossadams.com,53134249,Business Services,,Accounting,Accounting Services
Air Liquide,airliquide.com,2901487,Construction and Engineering,,Chemicals,Chemicals & Related Products
Nutrien Ltd,nutrien.com,431910495,Construction and Engineering,,Oil & Energy,Crops
Marvell Technology Inc,marvell.com,108577465,Construction and Engineering,,Electrical/Electronic Manufacturing,Electronics
Worley Ltd,worley.com,42779336,Construction and Engineering,,Oil & Energy,"Architecture, Engineering & Design"
Franchise Group Inc,franchisegrp.com,346754728,Finance,,Financial Services,Holding Companies & Conglomerates
Delta Electronics Inc,deltaww.com,81611761,Construction and Engineering,,Electrical/Electronic Manufacturing,Electronics
Tarsus Pharmaceuticals Inc,tarsusrx.com,462916943,Pharma,,Biotechnology,Pharmaceuticals
BTL Industries Inc,btlnet.com,359041539,Pharma,,Medical Devices,Medical Devices & Equipment
Penumbra Inc,penumbrainc.com,213369203,Pharma,,Medical Devices,Medical Devices & Equipment
Tennenbaum Ross,www.avalara.com,5343156,Technology,,Computer Software,Financial Software
Franklin Resources Inc,franklinresources.com,44566945,Finance,,Financial Services,Investment Banking
Ajinomoto Co. Inc,ajinomoto.com,3607276,Retail and Wholesale,,Food & Beverages,Food & Beverage
Innova Solutions Inc,innovasolutions.com,37604770,Info and Comms,,Information Technology and Services,Custom Software & IT Services
Fortive Corp,fortive.com,376033869,Construction and Engineering,,Industrial Automation,Holding Companies & Conglomerates
Bruker Corp,bruker.com,5734648,Pharma,,Biotechnology,Test & Measurement Equipment
Centerfield,centerfield.com,368454340,Business Services,,Marketing and Advertising,Advertising & Marketing
Trinity Health Co,trinity-health.org,38928451,Health Social Services,,Hospital & Health Care,Medical & Surgical Hospitals
CGI Inc,cgi.com,23268834,Info and Comms,,Information Technology and Services,Custom Software & IT Services
Takeda Pharmaceutical Company Ltd,takeda.com,140656768,Pharma,,Pharmaceuticals,Pharmaceuticals
Workday Inc,workday.com,178962500,Technology,,Computer Software,Enterprise Resource Planning (ERP) Software
Novo Nordisk A/S,novonordisk.com,74483407,Pharma,,Biotechnology,Pharmaceuticals
Adolf Wurth GmbH & Co KG,wuerth.com,63897627,Construction and Engineering,,Machinery,Home Improvement & Hardware Retail
The Bank of Nova Scotia,scotiabank.com,27448809,Finance,,Financial Services,Banking
SPS Commerce Inc,spscommerce.com,112820473,Technology,,Computer Software,Supply Chain Management (SCM) Software
Exelon Corp,exeloncorp.com,32035175,Construction and Engineering,,Utilities,Holding Companies & Conglomerates
ExxonMobil Corp,corporate.exxonmobil.com,43076614,Construction and Engineering,,Oil & Energy,Oil & Gas Exploration & Services
Flagship Pioneering,flagshippioneering.com,560093260,Finance,,Financial Services,Venture Capital & Private Equity
Baker Hughes Co,bakerhughes.com,9604546,Construction and Engineering,,Oil & Energy,Oil & Gas Exploration & Services
Dollar General Corp,dollargeneral.com,29330408,Retail and Wholesale,,Retail,"Department Stores, Shopping Centers & Superstores"
Xerox Corp,xerox.com,194101651,Info and Comms,,Information Technology and Services,Photographic & Optical Equipment
Nike Inc,nike.com,27722128,Retail and Wholesale,,Sporting Goods,Sporting Goods
Texas Instruments Inc,ti.com,50495653,Technology,,Computer Hardware,Electronics
The Northwestern Mutual Life Insurance Co,northwesternmutual.com,45159757,Finance,,Financial Services,Insurance
Mahindra & Mahindra Ltd,mahindra.com,69485568,Transportation,,Automotive,"Architecture, Engineering & Design"
QOL Medical LLC,qolmed.com,84099645,Pharma,,Pharmaceuticals,Pharmaceuticals
Reliance Industries Ltd,ril.com,121831773,Construction and Engineering,,Oil & Energy,Holding Companies & Conglomerates
Neurocrine Biosciences Inc,neurocrine.com,27328730,Pharma,,Pharmaceuticals,Pharmaceuticals
TechTrans International,tti-corp.com,68157567,Info and Comms,,Translation and Localization,Translation & Linguistic Services
"Gibson, Dunn & Crutcher LLP",gibsondunn.com,44222961,Business Services,,Legal Services,Law Firms & Legal Services
Liberty Mutual Group Inc,libertymutual.com,62637459,Finance,,Insurance,Insurance
Thermo Fisher Scientific Inc,thermofisher.com,38126010,Pharma,,Research,Research & Development
Suffolk Construction (formerly Portfolio Construction Inc),suffolkconstruction.com,1127929498,Construction and Engineering,,Construction,Commercial & Residential Construction
GlaxoSmithKline PLC,gsk.com,16859276,Pharma,,Pharmaceuticals,Pharmaceuticals
Lilly and Co,lilly.com,32199830,Pharma,Biotechnology,Biotechnology,Pharmaceuticals
Panasonic Corp,panasonic.com,39469842,Construction and Engineering,,Electrical/Electronic Manufacturing,Electronics
Adobe Inc,adobe.com,1804856,Technology,,Computer Software,"Multimedia, Games & Graphics Software"
Okta Inc,okta.com,353760348,Technology,,Computer Software,Security Software
Caesars Entertainment Inc,caesars.com,19419306,Rec and Arts,,Gambling & Casinos,Gambling & Gaming
SoftBank Group,group.softbank,253034667,Info and Comms,,Telecommunications,Holding Companies & Conglomerates
Philips,philips.com,40026959,Pharma,,Medical Devices,Appliances
Pfizer Inc,pfizer.com,30245334,Pharma,,Pharmaceuticals,Pharmaceuticals
Amentum Services Inc,amentum.com,513435138,Other Industries,,Defense & Space,"Architecture, Engineering & Design"
NewYork-Presbyterian Hospital,nyp.org,5066280,Health Social Services,,Hospital & Health Care,Medical & Surgical Hospitals
General Motors Co,gm.com,16220332,Transportation,,Automotive,Motor Vehicles
Dow Chemical Co,dow.com,42959322,Construction and Engineering,,Chemicals,Chemicals & Related Products
"Wiss, Janney, Elstner Associates",wje.com,42434889,Construction and Engineering,,Civil Engineering,"Architecture, Engineering & Design"
Avis Budget Group Inc,avisbudgetgroup.com,20880128,Other Industries,,"Leisure, Travel & Tourism",Car & Truck Rental
Mizuho Financial Group Inc,mizuhogroup.com,79087013,Finance,,Financial Services,Banking
TotalEnergies SE,totalenergies.com,551257307,Construction and Engineering,,Oil & Energy,Oil & Gas Exploration & Services
GE Vernova Inc,gevernova.com,566144528,Finance,,Financial Services,Industrial Machinery & Equipment
Icahn Enterprises LP,ielp.com,136217525,Finance,,Financial Services,Holding Companies & Conglomerates
Vertex Pharmaceuticals Inc,vrtx.com,126927075,Pharma,,Biotechnology,Pharmaceuticals
Weaver and Tidwell LLP,weaver.com,91635759,Business Services,,Accounting,Accounting Services
United Dairy Farmers,udfinc.com,81756792,Retail and Wholesale,,Food & Beverages,Food & Beverage
Carahsoft Technology Corp,carahsoft.com,21204753,Technology,,Computer Software,Consumer Electronics & Computers Retail
BeOne Medicines,beigene.com,355749443,Pharma,,Biotechnology,Pharmaceuticals
AdventHealth,adventhealth.com,463771706,Health Social Services,,Hospital & Health Care,Medical & Surgical Hospitals
Jacobs Solutions Inc,jacobs.com,144933765,Construction and Engineering,,Construction,"Architecture, Engineering & Design"
Costco Wholesale Corp,costco.com,345283492,Retail and Wholesale,,Retail,"Department Stores, Shopping Centers & Superstores"
AP Moller Group,apmoller.com,466696564,Finance,,Financial Services,Holding Companies & Conglomerates
Quest Diagnostics,questdiagnostics.com,99107151,Health Social Services,,Hospital & Health Care,Medical Laboratories & Imaging Centers
Citizens Financial Group Inc,citizensbank.com,25938795,Finance,,Financial Services,Banking
Honda Motor Co. Ltd,global.honda,9571076,Transportation,,Automotive,Motor Vehicles
Zions Bancorporation,zionsbancorporation.com,43319454,Finance,,Financial Services,Banking
Eqt Ab,eqtgroup.com,372057130,Finance,,Financial Services,Venture Capital & Private Equity
Brand Industrial Services Inc,brandsafway.com,431955483,Construction and Engineering,,Construction,Commercial & Residential Construction
AstraZeneca PLC,astrazeneca.com,9751686,Pharma,,Pharmaceuticals,Pharmaceuticals
Schneider Electric SE,se.com,90144983,Construction and Engineering,,Electrical/Electronic Manufacturing,Industrial Machinery & Equipment
Quanta Services Inc,quantaservices.com,31802379,Construction and Engineering,,Oil & Energy,Civil Engineering Construction
Castle Biosciences Inc,mypathmelanoma.com,351733121,Pharma,,Biotechnology,Research & Development
Surgery Partners Inc,surgerypartners.com,120619614,Health Social Services,,Hospital & Health Care,Medical & Surgical Hospitals
YMCA - USA,ymca.int,356325479,Health Social Services,Other,Nonprofit Organizations,Membership Organizations
Vanguard Group Inc,investor.vanguard.com,372557698,Finance,,Financial Services,Investment Banking
Infosys Ltd,infosys.com,58804259,Info and Comms,,Information Technology and Services,Custom Software & IT Services
Gategroup,gategroup.com,372141535,Transportation,,Airlines/Aviation,"Airlines, Airports & Air Services"
Techtronic Industries Co Ltd,ttigroup.com,345671238,Retail and Wholesale,,Consumer Goods,Appliances
SolarEdge Technologies Inc,solaredge.com,253330496,Construction and Engineering,,Environmental Services,Electronics
Riverbend Industries Ltd,riverbendindustries.com,548613961,Retail and Wholesale,,Consumer Goods,Holding Companies & Conglomerates
Myriad Genetics Inc,myriad.com,69289609,Pharma,,Biotechnology,Research & Development
Ross Stores Inc,ros.com,91406858,Retail and Wholesale,,Retail,"Department Stores, Shopping Centers & Superstores"
Parker Hannifin Corp,parker.com/us/en/divisions/lord-division,22401650,Construction and Engineering,,Mechanical or Industrial Engineering,"Plastic, Packaging & Containers"
Match Group,mtch.com,56100425,Technology,,Internet,Cleaning Services
Crowe LLP,crowe.com,451268369,Business Services,,Accounting,Accounting Services
DLR Group,dlrgroup.com,25659631,Construction and Engineering,,Architecture & Planning,"Architecture, Engineering & Design"
EMCOR Group Inc,emcorgroup.com,12812382,Construction and Engineering,,Construction,Commercial & Residential Construction
Tractor Supply Co,tractorsupply.com,38650584,Retail and Wholesale,,Retail,Home Improvement & Hardware Retail
Delta Air Lines Inc,delta.com,34393240,Transportation,Transportation,Airlines/Aviation,"Airlines, Airports & Air Services"
Illumina Inc,illumina.com,66045864,Pharma,,Biotechnology,Test & Measurement Equipment
Kyocera Corp,global.kyocera.com,45401679,Construction and Engineering,,Electrical/Electronic Manufacturing,Telecommunication Equipment
Platinum Equity Advisors LLC,platinumequity.com,76530343,Finance,,Financial Services,Venture Capital & Private Equity
Anywhere Real Estate Inc,anywhere.re,565138875,Construction and Engineering,,Real Estate,Real Estate
DP World Ltd,dpworld.com,346411973,Other Industries,,Maritime,Marine Shipping & Transportation
Bon Secours Mercy Health Inc,bsmhealth.org,509996145,Health Social Services,,Hospital & Health Care,Medical & Surgical Hospitals
Marathon Petroleum Corp,marathonpetroleum.com,343455900,Construction and Engineering,,Oil & Energy,Retail
Kion Group Ag,kiongroup.com,28640526,Construction and Engineering,,Machinery,Industrial Machinery & Equipment
Fresenius Medical Care AG,freseniusmedicalcare.com,565091577,Health Social Services,,Hospital & Health Care,Medical Specialists
Intercontinental Exchange Inc,ice.com,5177773,Finance,,Financial Services,Financial Software
Chevron Corp,chevron.com,7783252,Construction and Engineering,,Oil & Energy,Chemicals & Related Products
Kubota Corp,kubota.com,79187367,Construction and Engineering,,Machinery,Industrial Machinery & Equipment
Regeneron Pharmaceuticals Inc,regeneron.com,32489569,Pharma,,Biotechnology,Pharmaceuticals
Providence,providence.org,11849450,Health Social Services,,Hospital & Health Care,Medical & Surgical Hospitals
Amgen,amgen.com,7834830,Pharma,Healthcare,Biotechnology,Pharmaceuticals
Banco Santander SA,santander.com,142328255,Finance,,Financial Services,Banking
Atlas Holdings LLC,atlasholdingsllc.com,8916899,Finance,,Financial Services,Holding Companies & Conglomerates
CMA CGM Group,cma-cgm.com,23875270,Other Industries,,Maritime,Marine Shipping & Transportation
Legal Concierge Inc,legalci.com,35850314,Business Services,,Legal Services,Call Centers & Business Centers
Lowe's Companies,lowes.com,23167139,Retail and Wholesale,,Retail,Home Improvement & Hardware Retail
Best Buy,corporate.bestbuy.com,4506176,Technology,,Consumer Electronics,Consumer Electronics & Computers Retail
Broad Institute,broadinstitute.org,33836578,Other Industries,,Research,Research & Development
San Diego Padres,mlb.com/padres,29475174,Rec and Arts,,Sports,Sports Teams & Leagues
The Bridgespan Group Inc,bridgespan.org,10897453,Business Services,,Management Consulting,Management Consulting
Mary Kay Inc,marykay.com,23937179,Retail and Wholesale,,Cosmetics,"Cosmetics, Beauty Supply & Personal Care Products"
Pacific Gas And Electric Co (PG&E),pge.com,29425770,Construction and Engineering,,Utilities,"Electricity, Oil & Gas"